Formula,number_of_elements,mean_atomic_mass,wtd_mean_atomic_mass,mean_atomic_radius,wtd_mean_atomic_radius,mean_Density,wtd_mean_Density,mean_ElectronAffinity,wtd_mean_ElectronAffinity,mean_ThermalConductivity,wtd_mean_ThermalConductivity,mean_Valence,wtd_mean_Valence,critical_temp
Ba0.2La1.8Cu1O4,4,88.9444675,57.86269229,160.25,105.5142857,4654.35725,2961.502286,81.8375,111.7271429,107.756645,61.01518857,2.25,2.257142857,29
Ba0.1La1.9Ag0.1Cu0.9O4,5,92.729214,58.51841614,161.2,104.9714286,5821.4858,3021.016571,90.89,112.3164286,172.205316,61.37233143,2,2.257142857,26
Ba0.1La1.9Cu1O4,4,88.9444675,57.88524186,160.25,104.6857143,4654.35725,2999.159429,81.8375,112.2135714,107.756645,60.94376,2.25,2.271428571,19
Ba0.15La1.85Cu1O4,4,88.9444675,57.87396707,160.25,105.1,4654.35725,2980.330857,81.8375,111.9703571,107.756645,60.97947429,2.25,2.264285714,22
Ba0.3La1.7Cu1O4,4,88.9444675,57.84014271,160.25,106.3428571,4654.35725,2923.845143,81.8375,111.2407143,107.756645,61.08661714,2.25,2.242857143,23
Ba0.5La1.5Cu1O4,4,88.9444675,57.79504357,160.25,108,4654.35725,2848.530857,81.8375,110.2678571,107.756645,61.22947429,2.25,2.214285714,23
Ba1La1Cu1O4,4,88.9444675,57.68229571,160.25,112.1428571,4654.35725,2660.245143,81.8375,107.8357143,107.756645,61.58661714,2.25,2.142857143,11
Sr0.1La1.9Cu1O4,4,76.5177175,57.17514186,151.75,104.2,4434.35725,2986.588,79.6075,112.0861429,112.006645,61.18661714,2.25,2.271428571,33
Sr0.15La1.85Cu1O4,4,76.5177175,56.80881707,151.75,104.3714286,4434.35725,2961.473714,79.6075,111.7792143,112.006645,61.34376,2.25,2.264285714,36
Sr0.2La1.8Cu1O4,4,76.5177175,56.44249229,151.75,104.5428571,4434.35725,2936.359429,79.6075,111.4722857,112.006645,61.50090286,2.25,2.257142857,31
Sr0.3La1.7Cu1O4,4,76.5177175,55.70984271,151.75,104.8857143,4434.35725,2886.130857,79.6075,110.8584286,112.006645,61.81518857,2.25,2.242857143,33
Ba0.3La1.7Hg0.3Cu0.7O4,5,111.273574,63.713457,162.4,107.4571429,6430.2858,3119.873714,65.77,106.1664286,87.865316,44.29947429,2.2,2.242857143,26
Ba0.1La1.9Ag0.05Cu0.95O4,5,92.729214,58.201829,161.2,104.8285714,5821.4858,3010.088,90.89,112.265,172.205316,61.15804571,2,2.264285714,27
Ba0.1La1.9Ag0.1Cu0.9O4,5,92.729214,58.51841614,161.2,104.9714286,5821.4858,3021.016571,90.89,112.3164286,172.205316,61.37233143,2,2.257142857,27
Ba0.1La1.9Ag0.25Cu0.75O4,5,92.729214,59.46817757,161.2,105.4,5821.4858,3053.802286,90.89,112.4707143,172.205316,62.01518857,2,2.235714286,26
Ba0.1La1.9Ag0.5Cu0.5O4,5,92.729214,61.05111329,161.2,106.1142857,5821.4858,3108.445143,90.89,112.7278571,172.205316,63.08661714,2,2.2,27
Y1Ba1.5Ca0.5Cu3O7,5,69.17125,47.50531923,170.4,112.2692308,3698.6858,2877.077154,62.564,108.7238462,127.005316,103.3989277,2.2,2.076923077,82
Ba0.15La1.85Cu1O4,4,88.9444675,57.87396707,160.25,105.1,4654.35725,2980.330857,81.8375,111.9703571,107.756645,60.97947429,2.25,2.264285714,30
La1.85Sr0.15Cu1O4,4,76.5177175,56.80881707,151.75,104.3714286,4434.35725,2961.473714,79.6075,111.7792143,112.006645,61.34376,2.25,2.264285714,39
La1.95Sr0.05Cu1O4,4,76.5177175,57.54146664,151.75,104.0285714,4434.35725,3011.702286,79.6075,112.3930714,112.006645,61.02947429,2.25,2.278571429,14.8
La1.9Sr0.1Cu1O4,4,76.5177175,57.17514186,151.75,104.2,4434.35725,2986.588,79.6075,112.0861429,112.006645,61.18661714,2.25,2.271428571,30
La1.775Sr0.225Cu1O4,4,76.5177175,56.25932989,151.75,104.6285714,4434.35725,2923.802286,79.6075,111.3188214,112.006645,61.57947429,2.25,2.253571429,35.5
La1.75Sr0.25Cu1O4,4,76.5177175,56.0761675,151.75,104.7142857,4434.35725,2911.245143,79.6075,111.1653571,112.006645,61.65804571,2.25,2.25,23.3
La1.7Sr0.3Cu1O4,4,76.5177175,55.70984271,151.75,104.8857143,4434.35725,2886.130857,79.6075,110.8584286,112.006645,61.81518857,2.25,2.242857143,18.2
La1.65Sr0.35Cu1O4,4,76.5177175,55.34351793,151.75,105.0571429,4434.35725,2861.016571,79.6075,110.5515,112.006645,61.97233143,2.25,2.235714286,18.3
La1.6Sr0.4Cu1O4,4,76.5177175,54.97719314,151.75,105.2285714,4434.35725,2835.902286,79.6075,110.2445714,112.006645,62.12947429,2.25,2.228571429,18.3
La1.825Sr0.175Cu1O4,4,76.5177175,56.62565468,151.75,104.4571429,4434.35725,2948.916571,79.6075,111.62575,112.006645,61.42233143,2.25,2.260714286,37.5
La1.85Ca0.15Cu1O4,4,64.6322175,55.79005993,145.5,103.8357143,4164.35725,2938.330857,78.9425,111.7222143,153.256645,64.87947429,2.25,2.264285714,20
Yb16Ba1Cu2O,4,97.4816,152.46412,167,207.15,4760.35725,6327.57145,82.3375,61.0875,114.256645,72.101329,2.25,2.8,76.9
Yb1.8Ba0.2Cu1O,4,97.4816,104.627,167,160.8,4760.35725,5372.35725,82.3375,89.5475,114.256645,118.456645,2.25,2.45,65.3
Yb6Ba1Cu1O,4,97.4816,139.4662667,167,197.5555556,4760.35725,5765.714333,82.3375,65.20555556,114.256645,72.44739778,2.25,2.666666667,78.6
Yb1.62La0.18Ba0.18Sr0.02Cu1O,6,102.7419783,102.8417812,180.3333333,159.415,4636.238167,5348.87725,64.23,89.4129,84.17109667,117.371645,2.333333333,2.45,79.3
Y0.4Ba0.6Cu1O,4,76.4445625,65.83464667,164.5,143.2,4235.85725,4285.409667,77.2375,94.70333333,108.756645,139.20886,2.25,2.133333333,90
Y0.4Ba0.6Cu1O,4,76.4445625,65.83464667,164.5,143.2,4235.85725,4285.409667,77.2375,94.70333333,108.756645,139.20886,2.25,2.133333333,90.5
Er0.5Ba0.5Cu1O,4,96.03285,77.27946667,168,144.1666667,5384.35725,5083.143,82.3375,98.625,108.256645,138.8421933,2.25,2.166666667,92
Tm0.35Ba0.65Cu1O,4,96.4516525,75.97830783,167,145.05,5447.85725,4834.976333,82.3375,96.8225,108.756645,139.2255267,2.25,2.116666667,93.2
Tm0.3Ba0.7Cu1O,4,96.4516525,75.451521,167,145.5666667,5447.85725,4738.143,82.3375,96.22166667,108.756645,139.2421933,2.25,2.1,94.4
Tm0.25Ba0.75Cu1O,4,96.4516525,74.92473417,167,146.0833333,5447.85725,4641.309667,82.3375,95.62083333,108.756645,139.25886,2.25,2.083333333,93.2
Tm0.2Ba0.8Cu1O,4,96.4516525,74.39794733,167,146.6,5447.85725,4544.476333,82.3375,95.02,108.756645,139.2755267,2.25,2.066666667,80.5
La2Ba4Cu6O14,4,88.9444675,55.09179,160.25,113.2307692,4654.35725,3081.231,81.8375,110.5846154,107.756645,96.09123538,2.25,2.076923077,48
Y1Ba2Cu3O,4,76.4445625,81.45675,164.5,171.5714286,4235.85725,5481.918429,77.2375,80.6,108.756645,179.0037971,2.25,2.142857143,90
Y1.6Ba2.4Cu3O10,4,76.4445625,48.38036235,164.5,109.4941176,4235.85725,2498.440588,77.2375,110.0905882,108.756645,74.74504706,2.25,2.094117647,90
Y1.2Ba1.8Cu2O7,4,76.4445625,49.41361833,164.5,111.3166667,4235.85725,2467.866917,77.2375,108.5358333,108.756645,71.08217167,2.25,2.1,92
Y0.8Ba1.2Cu1O4,4,76.4445625,51.92295429,164.5,115.7428571,4235.85725,2393.616571,77.2375,104.76,108.756645,62.18661714,2.25,2.114285714,80
Nd0.4Ba0.6Cu1O,4,90.2786,73.2128,163,142.4,4870.35725,4623.809667,82.3375,97.42333333,108.756645,139.20886,2.25,2.133333333,85
Eu0.4Ba0.6Cu1O3,4,92.2091,50.9452,169.25,106.64,4428.85725,2633.5774,82.3375,115.454,108.006645,83.295948,2.25,2.08,8
Gd0.4Ba0.6Cu1O3,4,93.5306,51.36808,169.75,106.8,5093.10725,2846.1374,82.3375,115.454,107.256645,83.055948,2.25,2.08,13
Dy0.4Ba0.6Cu1O3,4,94.8431,51.78808,168.5,106.4,5255.60725,2898.1374,82.3375,115.454,107.256645,83.055948,2.25,2.08,91
Ho0.4Ba0.6Cu1O3,4,95.45068,51.9825056,168,106.24,5316.60725,2917.6574,82.3375,115.454,108.506645,83.455948,2.25,2.08,94
Er0.4Ba0.6Cu1O3,4,96.03285,52.1688,168,106.24,5384.35725,2939.3374,82.3375,115.454,108.256645,83.375948,2.25,2.08,93
Tm0.4Ba0.6Cu1O3,4,96.4516525,52.3028168,167,105.92,5447.85725,2959.6574,82.3375,115.454,108.756645,83.535948,2.25,2.08,93
Lu0.4Ba0.6Cu1O3,4,97.9598,52.785424,165.75,105.52,5578.10725,3001.3374,82.3375,115.454,108.506645,83.455948,2.25,2.08,91
Nd2Ba3Cu5O,4,90.2786,94.01767273,163,176.7272727,4870.35725,6304.675364,82.3375,81.03181818,108.756645,189.8205982,2.25,2.181818182,18
Sm1Ba2Cu3O,4,91.8081,90.23591429,171,175.2857143,4956.10725,5893.489857,82.3375,83.51428571,107.756645,178.4323686,2.25,2.142857143,43
Gd2Ba3Cu5O,4,93.5306,96.38276364,169.75,181.6363636,5093.10725,6466.675364,82.3375,81.03181818,107.256645,188.7296891,2.25,2.181818182,40
Y1Ba2Cu3O,4,76.4445625,81.45675,164.5,171.5714286,4235.85725,5481.918429,77.2375,80.6,108.756645,179.0037971,2.25,2.142857143,70
Y0.3Ba0.7Cu1O3,4,76.4445625,46.868971,164.5,105.94,4235.85725,2552.5774,77.2375,113.509,108.756645,83.555948,2.25,2.06,95.5
Y0.8Ba1.2Cu1O,4,76.4445625,78.86562,164.5,166.55,4235.85725,4187.75725,77.2375,76.455,108.756645,108.806645,2.25,2.2,94
Y0.6Ba0.9Cu1O,4,76.4445625,73.28091714,164.5,156.5428571,4235.85725,4229.608286,77.2375,84.27571429,108.756645,121.8361657,2.25,2.171428571,88
Ba0.3La1.7Hg0.15Cu0.85O4,5,111.273574,60.77679986,162.4,106.9,6430.2858,3021.859429,65.77,108.7035714,87.865316,52.69304571,2.2,2.242857143,28
La1.85Sr0.15Cu1O4,4,76.5177175,56.80881707,151.75,104.3714286,4434.35725,2961.473714,79.6075,111.7792143,112.006645,61.34376,2.25,2.264285714,35.5
Yb1.6La0.2Ba0.2Cu1O,5,105.766374,102.9195735,172.6,159.45,5037.4858,5351.15725,75.77,89.4475,94.005316,117.156645,2.4,2.45,79.2
Sr0.35La1.65Cu1O4,4,76.5177175,55.34351793,151.75,105.0571429,4434.35725,2861.016571,79.6075,110.5515,112.006645,61.97233143,2.25,2.235714286,26
Y0.4Ba0.6Cu1O,4,76.4445625,65.83464667,164.5,143.2,4235.85725,4285.409667,77.2375,94.70333333,108.756645,139.20886,2.25,2.133333333,92
Yb0.4Ba0.6Cu1O3,4,97.4816,52.6324,167,105.92,4760.35725,2739.6574,82.3375,115.454,114.256645,85.295948,2.25,2.08,88
Lu1.8Ba0.2Cu1O4,4,97.9598,67.13560571,165.75,111.1714286,5578.10725,3911.645143,82.3375,112.2414286,108.506645,61.78661714,2.25,2.257142857,71.9
Y0.9Ba0.1Cu1O4,4,76.4445625,36.8819275,164.5,92.18333333,4235.85725,2223.586,77.2375,119.9058333,108.756645,69.53438667,2.25,2.15,81
Ba0.15La1.85Cu1O4,4,88.9444675,57.87396707,160.25,105.1,4654.35725,2980.330857,81.8375,111.9703571,107.756645,60.97947429,2.25,2.264285714,28
Sr0.15La1.85Cu1O4,4,76.5177175,56.80881707,151.75,104.3714286,4434.35725,2961.473714,79.6075,111.7792143,112.006645,61.34376,2.25,2.264285714,34.7
Sr0.2La1.8Cu0.95Ti0.05O4,5,70.787574,56.33049943,156.6,104.7642857,4448.8858,2904.552286,65.506,110.6808571,94.005316,58.80090286,2.6,2.271428571,21
Sr0.2La1.8Cu0.99V0.01O4,5,71.402474,56.42448586,155.6,104.58,4769.4858,2932.288,74.106,111.3754286,95.805316,60.97376,2.8,2.261428571,12
Sr0.2La1.8Cu0.99Cr0.01O4,5,71.613394,56.42599243,154.6,104.5728571,4985.4858,2933.830857,76.846,111.395,108.405316,61.06376,3,2.262857143,22
Sr0.2La1.8Cu0.98Mn0.02O4,5,72.201783,56.41789813,153.6,104.5885714,5041.4858,2932.102286,63.986,111.134,91.145316,60.38004571,2.6,2.262857143,32
Sr0.2La1.8Cu0.95Fe0.05O4,5,72.383174,56.38748514,152.6,104.6214286,5122.2858,2928.602286,67.126,110.7387143,105.405316,59.20804571,2.4,2.264285714,30
Sr0.2La1.8Cu0.95Co0.05O4,5,73.000813,56.40954368,151.8,104.5928571,5327.4858,2935.930857,76.726,111.0815714,109.605316,59.35804571,2.6,2.271428571,16
Sr0.2La1.8Cu0.95Ni0.05O4,5,72.952854,56.40783086,151.2,104.5714286,5329.0858,2935.988,86.386,111.4265714,107.805316,59.29376,2.2,2.257142857,21
Sr0.2La1.8Cu0.99Zn0.01O4,5,74.290174,56.44511229,149.8,104.5385714,4975.4858,2933.759429,63.986,111.3031429,113.605316,61.10090286,2.2,2.257142857,29
Pr0.1La1.7Sr0.2Cu1O4,5,89.395704,56.47109486,170.8,105.2857143,4875.4858,2943.416571,73.986,111.5008571,92.205316,61.50090286,2.6,2.271428571,36
Nd0.1La1.7Sr0.2Cu1O4,5,90.062574,56.51872843,162.6,104.7,4949.4858,2948.702286,73.986,111.5008571,93.005316,61.55804571,2.4,2.257142857,35
Sm0.1La1.7Sr0.2Cu1O4,5,91.286174,56.60612843,169,105.1571429,5018.0858,2953.602286,73.986,111.5008571,92.205316,61.50090286,2.4,2.257142857,32
Gd0.1La1.7Sr0.2Cu1O4,5,92.664174,56.704557,168,105.0857143,5127.6858,2961.430857,73.986,111.5008571,91.805316,61.47233143,2.4,2.257142857,30
Y1Ba2Cu2.85Fe0.15O7,5,72.32465,51.15680769,162.8,114.6653846,4963.4858,2939.931,65.23,107.9842308,102.805316,92.69508154,2.4,2.088461538,51
Y1Ba2Cu2.7Fe0.3O7,5,72.32465,51.06795,162.8,114.7923077,4963.4858,2927.400231,65.23,106.7992308,102.805316,88.99123538,2.4,2.1,33
Y1Ba2Cu2.97Fe0.03O7,5,72.32465,51.22789385,162.8,114.5638462,4963.4858,2949.955615,65.23,108.9322308,102.805316,95.65815846,2.4,2.079230769,82
Y1Ba2Cu2.94Fe0.06O7,5,72.32465,51.21012231,162.8,114.5892308,4963.4858,2947.449462,65.23,108.6952308,102.805316,94.91738923,2.4,2.081538462,60
Y1Ba2Cu2.88Fe0.12O7,5,72.32465,51.17457923,162.8,114.64,4963.4858,2942.437154,65.23,108.2212308,102.805316,93.43585077,2.4,2.086153846,54
Y1Ba2Cu3O7,4,76.4445625,51.24566538,164.5,114.5384615,4235.85725,2952.461769,77.2375,109.1692308,108.756645,96.39892769,2.25,2.076923077,90
Y1Ba2Cu3S1O6,5,67.56865,52.48148077,149,117.5384615,3780.6858,3103.121077,102.09,113.7076923,87.046316,96.41265231,3,2.384615385,90
Y1Ba2Cu3Cl1O6,5,68.24625,52.74209615,147.4,116.9230769,3389.3286,2952.599077,131.89,125.1692308,87.007096,96.39756769,2.8,2.307692308,72
Y1Ba2Cu3O7,4,76.4445625,51.24566538,164.5,114.5384615,4235.85725,2952.461769,77.2375,109.1692308,108.756645,96.39892769,2.25,2.076923077,92
Y1Ba2Cu3O7,4,76.4445625,51.24566538,164.5,114.5384615,4235.85725,2952.461769,77.2375,109.1692308,108.756645,96.39892769,2.25,2.076923077,93
Gd1Ba2Cu3O7,4,93.5306,56.50290769,169.75,116.1538462,5093.10725,3216.231,82.3375,110.7384615,107.256645,95.93738923,2.25,2.076923077,94.5
Y1Ba2Cu3O7,4,76.4445625,51.24566538,164.5,114.5384615,4235.85725,2952.461769,77.2375,109.1692308,108.756645,96.39892769,2.25,2.076923077,91.85
Y1Ba2Cu3O7,4,76.4445625,51.24566538,164.5,114.5384615,4235.85725,2952.461769,77.2375,109.1692308,108.756645,96.39892769,2.25,2.076923077,91.95
Y1Ba2Cu3O7,4,76.4445625,51.24566538,164.5,114.5384615,4235.85725,2952.461769,77.2375,109.1692308,108.756645,96.39892769,2.25,2.076923077,89.7
Y1Ba2Cu3O7,4,76.4445625,51.24566538,164.5,114.5384615,4235.85725,2952.461769,77.2375,109.1692308,108.756645,96.39892769,2.25,2.076923077,89.9
Ho1Ba2Cu3O8,4,95.45068,54.15839429,168,110.7857143,5316.60725,3050.459429,82.3375,113.0071429,108.506645,89.44376,2.25,2.071428571,85
Y0.1Gd0.9Ba2Cu3O8,5,92.60565,53.1216275,178.2,111.1357143,4968.8858,2962.109429,72.09,112.8614286,89.205316,89.12947429,2.4,2.071428571,90.5
Y1Ba2Cu3O7,4,76.4445625,51.24566538,164.5,114.5384615,4235.85725,2952.461769,77.2375,109.1692308,108.756645,96.39892769,2.25,2.076923077,130
Y1Ba2Cu3O7,4,76.4445625,51.24566538,164.5,114.5384615,4235.85725,2952.461769,77.2375,109.1692308,108.756645,96.39892769,2.25,2.076923077,88.8
Y1Ba2Cu3O7,4,76.4445625,51.24566538,164.5,114.5384615,4235.85725,2952.461769,77.2375,109.1692308,108.756645,96.39892769,2.25,2.076923077,85.5
Y3Ba5Cu4Nb1O18,5,79.736926,51.23974613,171.2,114.2903226,5102.6858,2432.313613,79.31,106.5403226,97.805316,57.91865935,2.8,2.193548387,77.3
Sm0.45Ba0.55Cu1O3,4,91.8081,50.94721,171,107.05,4956.10725,2840.7274,82.3375,115.8145,107.756645,83.165948,2.25,2.09,69
Sm0.4Ba0.6Cu1O3,4,91.8081,50.81688,171,107.2,4956.10725,2802.2974,82.3375,115.454,107.756645,83.215948,2.25,2.08,84.3
Sm0.33Ba0.67Cu1O7,4,91.8081,35.24107667,171,81.00555556,4956.10725,1527.577,82.3375,127.1940556,107.756645,46.28178444,2.25,2.036666667,86.4
Sm0.3Ba0.7Cu1O3,4,91.8081,50.55622,171,107.5,4956.10725,2725.4374,82.3375,114.733,107.756645,83.315948,2.25,2.06,88.8
Sm0.25Ba0.75Cu1O3,4,91.8081,50.42589,171,107.65,4956.10725,2687.0074,82.3375,114.3725,107.756645,83.365948,2.25,2.05,73.6
Sm0.2Ba0.8Cu1O3,4,91.8081,50.29556,171,107.8,4956.10725,2648.5774,82.3375,114.012,107.756645,83.415948,2.25,2.04,62.5
Sm0.35Ba0.65Cu1O3,4,91.8081,50.68655,171,107.35,4956.10725,2763.8674,82.3375,115.0935,107.756645,83.265948,2.25,2.07,93.1
Y1Ba2Cu3O9,4,76.4445625,46.54616333,164.5,105.6666667,4235.85725,2558.990733,77.2375,113.6133333,108.756645,83.54928133,2.25,2.066666667,92
Bi2Sr2Cu2O7,4,94.03645,64.0222,138.75,103.8461538,5342.85725,3288.461769,90.4075,110.4430769,110.756645,68.16815846,2.75,2.461538462,22
Bi1Sr1Cu1O,4,94.03645,94.03645,138.75,138.75,5342.85725,5342.85725,90.4075,90.4075,110.756645,110.756645,2.75,2.75,6.5
Er1Ba2Cu3O,4,96.03285,92.65005714,168,173.5714286,5384.35725,6138.204143,82.3375,83.51428571,108.256645,178.7180829,2.25,2.142857143,85.5
Ho1Ba2Cu3O,4,95.45068,92.31738857,168,173.5714286,5316.60725,6099.489857,82.3375,83.51428571,108.506645,178.86094,2.25,2.142857143,91
Gd1Ba2Cu3O,4,93.5306,91.2202,169.75,174.5714286,5093.10725,5971.775571,82.3375,83.51428571,107.256645,178.1466543,2.25,2.142857143,93
Y1Ba2Cu3O6.9,4,76.4445625,51.51889225,164.5,115.0542636,4235.85725,2975.337992,77.2375,108.9108527,108.756645,97.14600016,2.25,2.07751938,95
Eu1.5Ba1.5Cu3O,4,92.2091,91.51055714,169.25,172.7142857,4428.85725,5716.061286,82.3375,86.08928571,108.006645,178.2895114,2.25,2.214285714,89.5
Gd1.5Ba1.5Cu3O,4,93.5306,92.64327143,169.75,173.1428571,5093.10725,6285.418429,82.3375,86.08928571,107.256645,177.6466543,2.25,2.214285714,92.5
Y1.5Ba1.5Cu3O,4,76.4445625,77.99809643,164.5,168.6428571,4235.85725,5550.632714,77.2375,81.71785714,108.756645,178.9323686,2.25,2.214285714,90
Yb1.5Ba1.5Cu3O,4,97.4816,96.02984286,167,170.7857143,4760.35725,6000.204143,82.3375,86.08928571,114.256645,183.6466543,2.25,2.214285714,90
Y1Ba2Cu3O7,4,76.4445625,51.24566538,164.5,114.5384615,4235.85725,2952.461769,77.2375,109.1692308,108.756645,96.39892769,2.25,2.076923077,91.6
Y1Ba2Cu2.75Ni0.25O7,5,72.89433,51.15234615,161.4,114.6153846,5170.2858,2951.461769,84.49,109.0461538,105.205316,90.45662,2.2,2.076923077,63.9
Y1Ba2Cu2.95Al0.05O7,5,66.55195772,51.10503284,155.2,114.4346154,3928.6858,2928.384846,70.59,108.8773077,134.005316,95.76431231,2.4,2.080769231,88
Y1Ba2Cu2.9Al0.1O7,5,66.55195772,50.9644003,155.2,114.3307692,3928.6858,2904.307923,70.59,108.5853846,134.005316,95.12969692,2.4,2.084615385,75
La1.85Sr0.15Cu1O4,4,76.5177175,56.80881707,151.75,104.3714286,4434.35725,2961.473714,79.6075,111.7792143,112.006645,61.34376,2.25,2.264285714,39.3
La1.85Sr0.15Cu0.975Ni0.025O4,5,72.952854,56.79148636,151.2,104.3857143,5329.0858,2961.288,86.386,111.7563571,107.805316,60.24018857,2.2,2.264285714,22.6
La1.85Sr0.15Cu0.95Ni0.05O4,5,72.952854,56.77415564,151.2,104.4,5329.0858,2961.102286,86.386,111.7335,107.805316,59.13661714,2.2,2.264285714,4.2
Y1Ba2Cu2.89Al0.11O7,5,66.55195772,50.93627379,155.2,114.31,3928.6858,2899.492538,70.59,108.527,134.005316,95.00277385,2.4,2.085384615,82
Y1Ba2Cu2.88Al0.12O7,5,66.55195772,50.90814728,155.2,114.2892308,3928.6858,2894.677154,70.59,108.4686154,134.005316,94.87585077,2.4,2.086153846,51
Y1Ba2Cu2.87Al0.13O7,5,66.55195772,50.88002077,155.2,114.2684615,3928.6858,2889.861769,70.59,108.4102308,134.005316,94.74892769,2.4,2.086923077,45
Y1Ba2Cu2.865Al0.135O7,5,66.55195772,50.86595752,155.2,114.2580769,3928.6858,2887.454077,70.59,108.3810385,134.005316,94.68546615,2.4,2.087307692,45
Y1Ba2Cu2.82Al0.18O7,5,66.55195772,50.73938823,155.2,114.1646154,3928.6858,2865.784846,70.59,108.1183077,134.005316,94.11431231,2.4,2.090769231,20
Y1Ba2Cu3O7,4,76.4445625,51.24566538,164.5,114.5384615,4235.85725,2952.461769,77.2375,109.1692308,108.756645,96.39892769,2.25,2.076923077,92.4
Y1Ba2Cu3O6.8,4,76.4445625,51.79638828,164.5,115.578125,4235.85725,2998.571656,77.2375,108.6484375,108.756645,97.90474563,2.25,2.078125,91.6
Er1Ba2Cu3O7,4,96.03285,57.27283077,168,115.6153846,5384.35725,3305.846385,82.3375,110.7384615,108.256645,96.24508154,2.25,2.076923077,86
Y1Ba2Cu3H0.14O7,5,61.357238,50.71040804,142.2,113.8828006,3388.70378,2921.005752,76.65,108.7977169,87.041416,95.37376941,2,2.065449011,92.5
Y1Ba2Cu3H0.48O7,5,61.357238,49.45678496,142.2,112.347181,3388.70378,2847.332801,76.65,107.9275964,87.041416,92.97275223,2,2.038575668,93.6
Y1Ba2Cu3H1O7,5,61.357238,47.65725643,142.2,110.1428571,3388.70378,2741.578064,76.65,106.6785714,87.041416,89.52618286,2,2,93.2
Y1Ba2Cu3O9,4,76.4445625,46.54616333,164.5,105.6666667,4235.85725,2558.990733,77.2375,113.6133333,108.756645,83.54928133,2.25,2.066666667,90
Eu1Ba2Cu3O7.1,4,92.2091,55.79020916,169.25,115.480916,4428.85725,2988.866099,82.3375,110.980916,108.006645,95.43425328,2.25,2.076335878,94.9
Gd1Ba2Cu3O7.08,4,93.5306,56.25517982,169.75,115.7370031,5093.10725,3196.568602,82.3375,110.9327217,107.256645,95.35077878,2.25,2.076452599,93.8
Dy1Ba2Cu3O6.82,4,94.8431,57.48111607,168.5,116.7207488,5255.60725,3312.070654,82.3375,110.2925117,107.256645,97.28403086,2.25,2.07800312,92.7
Ho1Ba2Cu3O6.71,4,95.45068,58.03133706,168,117.1581432,5316.60725,3359.920424,82.3375,110.0137687,108.506645,98.51914648,2.25,2.078678206,92.9
Er1Ba2Cu3O6.82,4,96.03285,57.85233292,168,116.5647426,5384.35725,3352.242261,82.3375,110.2925117,108.256645,97.59604334,2.25,2.07800312,92.4
Tm1Ba2Cu3O6.65,4,96.4516525,58.54721107,167,117.1699605,5447.85725,3417.352004,82.3375,109.8596838,108.756645,99.06535628,2.25,2.079051383,92.5
Yb1Ba2Cu3O6.71,4,97.4816,58.67049363,167,116.8434304,4760.35725,3184.861415,82.3375,110.0137687,114.256645,100.3287452,2.25,2.078678206,87
Lu1Ba2Cu3O7,4,97.9598,57.86573846,165.75,114.9230769,5578.10725,3365.461769,82.3375,110.7384615,108.506645,96.32200462,2.25,2.076923077,89.5
Y1Ba2Cu3O6.72,4,76.4445625,52.02152657,164.5,116.0031447,4235.85725,3017.42161,77.2375,108.4355346,108.756645,98.52033157,2.25,2.078616352,93.4
Nd1Ba2Cu3O7.16,4,90.2786,55.02201398,163,113.2735562,4870.35725,3109.440094,82.3375,111.1246201,108.756645,95.22722742,2.25,2.075987842,95.3
Sm1Ba2Cu3O7.11,4,91.8081,55.63750831,171,115.9633867,4956.10725,3147.456918,82.3375,111.004958,107.756645,95.2852009,2.25,2.076277651,93.5
La1.85Sr0.15Cu1O4,4,76.5177175,56.80881707,151.75,104.3714286,4434.35725,2961.473714,79.6075,111.7792143,112.006645,61.34376,2.25,2.264285714,37.1
La1.85Sr0.15Cu1O4,4,76.5177175,56.80881707,151.75,104.3714286,4434.35725,2961.473714,79.6075,111.7792143,112.006645,61.34376,2.25,2.264285714,33
Y1Ba2.01Cu2.81Ni0.19O6.7,5,72.89433,52.07278568,161.4,116.2777341,5170.2858,3021.777679,84.49,108.2130999,105.205316,93.99276837,2.2,2.078678206,65
Y1Ba2.02Cu2.18Zn0.82O7,5,74.23165,51.49340015,160,114.562212,4816.6858,2838.694547,62.09,101.5684332,111.005316,78.64409063,2.2,2.076804916,30
Y1Ba1.99Cu2.847Ag0.153O6.7,5,82.72929,52.54545757,164.6,116.2434988,5486.6858,3040.233593,87.21,108.5419307,173.005316,99.100716,2,2.066745469,86
Y1Ba2Cu2.902Pt0.098O6.4,5,100.17245,53.99070435,167,118.0109677,7678.6858,3193.964968,103.15,108.2432419,101.205316,98.46194452,3,2.112258065,81
Y1Ba2.01Cu2.7Co0.3O6.8,5,72.942289,51.75512869,162,115.8493365,5168.6858,2997.565746,74.83,107.2946526,107.005316,90.81660765,2.6,2.12490242,36
Y1.01Ba2.01Cu2.906Ni0.094O6.7,5,72.89433,52.13836589,161.4,116.3227987,5170.2858,3023.310244,84.49,108.2007783,105.205316,96.26431494,2.2,2.079402516,71
Y1Ba2Cu2.697Mn0.303O6.9,5,72.143259,51.3167054,163.8,115.4300775,4882.6858,2940.340318,62.09,106.1298295,88.545316,87.93151178,2.6,2.124496124,63
Y1Ba2Cu2.844Fe0.156O7,5,72.32465,51.15325338,162.8,114.6704615,4963.4858,2939.429769,65.23,107.9368308,102.805316,92.54692769,2.4,2.088923077,57
Y1.01Ba2.01Cu2.697Fe0.303O,5,72.32465,81.21455491,162.8,172.2198006,4963.4858,5430.796439,65.23,76.00390313,102.805316,164.6885442,2.4,2.187037037,36
Y1Ba2Cu3O6.9,4,76.4445625,51.51889225,164.5,115.0542636,4235.85725,2975.337992,77.2375,108.9108527,108.756645,97.14600016,2.25,2.07751938,88
Y0.99Ba1.99Cu2.847Li0.153O6.4,5,62.54385,52.15437128,165,117.844588,3495.6858,2989.685024,74.01,106.9659208,104.005316,97.30412859,2,2.067609047,62
Y1.01Ba2.03Cu2.808Li0.192O6.6,5,62.54385,51.73533216,165,117.384019,3495.6858,2920.399636,74.01,106.9370965,104.005316,94.41498639,2,2.06471519,33
Y1Ba2Cu2.85Fe0.15O7,5,72.32465,51.15680769,162.8,114.6653846,4963.4858,2939.931,65.23,107.9842308,102.805316,92.69508154,2.4,2.088461538,50
Y1Ba2Cu2.85Fe0.15O7,5,72.32465,51.15680769,162.8,114.6653846,4963.4858,2939.931,65.23,107.9842308,102.805316,92.69508154,2.4,2.088461538,57
Y1Ba2Cu2.7Fe0.3O7,5,72.32465,51.06795,162.8,114.7923077,4963.4858,2927.400231,65.23,106.7992308,102.805316,88.99123538,2.4,2.1,4
Y1Ba2Cu3O7,4,76.4445625,51.24566538,164.5,114.5384615,4235.85725,2952.461769,77.2375,109.1692308,108.756645,96.39892769,2.25,2.076923077,91
Y1Ba2Cu2.955Fe0.045O7,5,72.32465,51.21900808,162.8,114.5765385,4963.4858,2948.702538,65.23,108.8137308,102.805316,95.28777385,2.4,2.080384615,74
Y1Ba2Cu2.955Fe0.045O7,5,72.32465,51.21900808,162.8,114.5765385,4963.4858,2948.702538,65.23,108.8137308,102.805316,95.28777385,2.4,2.080384615,59
Y1Ba2Cu2.895Fe0.105O7,5,72.32465,51.183465,162.8,114.6273077,4963.4858,2943.690231,65.23,108.3397308,102.805316,93.80623538,2.4,2.085,61
Y1Ba2Cu3F0.825O,5,64.95533064,74.87168468,140,157.9105431,3389.025,4904.131399,127.69,106.841853,87.010856,160.1341128,2,2.022364217,90.5
Y1Ba2Cu3F1.65O5.675,5,64.95533064,50.75735912,140,112.1726079,3389.025,2880.518422,127.69,133.1378987,87.010856,94.04852131,2,1.951219512,90.3
Y1Ba2Cu3F0.066O,5,64.95533064,80.87335757,140,170.3611661,3389.025,5430.73039,127.69,82.9248514,87.010856,177.3320702,2,2.132182281,93.4
Y1Ba2Cu3F0.066O,5,64.95533064,80.87335757,140,170.3611661,3389.025,5430.73039,127.69,82.9248514,87.010856,177.3320702,2,2.132182281,92.2
Y1Ba2Cu3F0.165O,5,64.95533064,80.01842101,140,168.5875785,3389.025,5355.716516,127.69,86.33182135,87.010856,174.8822262,2,2.11653873,91.6
Y1Ba2Cu3F0.016O,5,64.95533064,81.31431363,140,171.2759407,3389.025,5469.420772,127.69,81.16761688,87.010856,178.5956418,2,2.140250855,90.8
Y1Ba2Cu3F0.033O,5,64.95533064,81.1636851,140,170.963458,3389.025,5456.204318,127.69,81.76787999,87.010856,178.1640117,2,2.137494668,92.1
Y1Ba2Cu3F0.05O,5,64.95533064,81.013783,140,170.6524823,3389.025,5443.051603,127.69,82.36524823,87.010856,177.7344631,2,2.134751773,92.5
Y1Ba2Cu3O,4,76.4445625,81.45675,164.5,171.5714286,4235.85725,5481.918429,77.2375,80.6,108.756645,179.0037971,2.25,2.142857143,86
Gd1Ba2Cu3O,4,93.5306,91.2202,169.75,174.5714286,5093.10725,5971.775571,82.3375,83.51428571,107.256645,178.1466543,2.25,2.142857143,87
Er1Ba2Cu3O,4,96.03285,92.65005714,168,173.5714286,5384.35725,6138.204143,82.3375,83.51428571,108.256645,178.7180829,2.25,2.142857143,90
Dy1Ba2Cu3O,4,94.8431,91.9702,168.5,173.8571429,5255.60725,6064.632714,82.3375,83.51428571,107.256645,178.1466543,2.25,2.142857143,92
Ho1Ba2Cu3O,4,95.45068,92.31738857,168,173.5714286,5316.60725,6099.489857,82.3375,83.51428571,108.506645,178.86094,2.25,2.142857143,90
Y1Ba2Cu3O,4,76.4445625,81.45675,164.5,171.5714286,4235.85725,5481.918429,77.2375,80.6,108.756645,179.0037971,2.25,2.142857143,92
La1.85Sr0.15Cu1O4,4,76.5177175,56.80881707,151.75,104.3714286,4434.35725,2961.473714,79.6075,111.7792143,112.006645,61.34376,2.25,2.264285714,34
La1.85Sr0.15Cu0.995Ni0.005O4,5,72.952854,56.80535093,151.2,104.3742857,5329.0858,2961.436571,86.386,111.7746429,107.805316,61.12304571,2.2,2.264285714,30.5
La1.85Sr0.15Cu0.99Ni0.01O4,5,72.952854,56.80188479,151.2,104.3771429,5329.0858,2961.399429,86.386,111.7700714,107.805316,60.90233143,2.2,2.264285714,30.5
La1.85Sr0.15Cu0.98Ni0.02O4,5,72.952854,56.7949525,151.2,104.3828571,5329.0858,2961.325143,86.386,111.7609286,107.805316,60.46090286,2.2,2.264285714,23
La1.85Sr0.15Cu0.97Ni0.03O,5,72.952854,87.37948538,151.2,146.68,5329.0858,5181.11725,86.386,88.690625,107.805316,105.014145,2.2,2.4625,24
Tl2Ca2Ba1Cu3O,5,92.26674,92.543,159.2,159.5555556,5174.2858,6354.603222,60.484,62.97666667,132.805316,190.0029533,2.2,2.222222222,110
Tl2Ca2Ba2Cu3O,5,92.26674,97.0214,159.2,168.9,5174.2858,6070.1429,60.484,58.224,132.805316,172.802658,2.2,2.2,110
Y1Ba2Cu3O,4,76.4445625,81.45675,164.5,171.5714286,4235.85725,5481.918429,77.2375,80.6,108.756645,179.0037971,2.25,2.142857143,93.5
Y1Ba2Cu2.85Ti0.15O,5,70.72905,81.12077143,166.8,172.2357143,4290.0858,5386.497,63.61,78.22571429,91.405316,170.9037971,2.6,2.185714286,94
Y1Ba2Cu2.7Ti0.3O,5,70.72905,80.78479286,166.8,172.9,4290.0858,5291.075571,63.61,75.85142857,91.405316,162.8037971,2.6,2.228571429,92.5
Y1Ba2Cu2.55Ti0.45O,5,70.72905,80.44881429,166.8,173.5642857,4290.0858,5195.654143,63.61,73.47714286,91.405316,154.7037971,2.6,2.271428571,92.5
Y1Ba2Cu2.4Ti0.6O,5,70.72905,80.11283571,166.8,174.2285714,4290.0858,5100.232714,63.61,71.10285714,91.405316,146.6037971,2.6,2.314285714,93.5
Y1Ba2Cu2.25Ti0.75O,5,70.72905,79.77685714,166.8,174.8928571,4290.0858,5004.811286,63.61,68.72857143,91.405316,138.5037971,2.6,2.357142857,88
Y1Ba2Cu2.1Ti0.9O,5,70.72905,79.44087857,166.8,175.5571429,4290.0858,4909.389857,63.61,66.35428571,91.405316,130.4037971,2.6,2.4,83.5
Bi1Sr1Ca1Cu2O,5,83.24476,79.96163333,149.8,149,4584.2858,5313.5715,73.1,80.9,128.605316,173.8377633,2.6,2.5,110
Bi2Sr1.8Ca1.2Cu2O,5,83.24476,95.857725,149.8,156.375,4584.2858,5509.428625,73.1,73.01225,128.605316,139.8783225,2.6,2.75,75
Bi2Sr3Ca4Cu8O,5,83.24476,75.86112222,149.8,162.6111111,4584.2858,5851.746056,73.1,73.45388889,128.605316,228.9459211,2.6,2.333333333,104
Bi1Sr1Ca1Cu2O,5,83.24476,79.96163333,149.8,149,4584.2858,5313.5715,73.1,80.9,128.605316,173.8377633,2.6,2.5,106
La1.85Sr0.15Cu0.925Zn0.025O4,5,74.290174,56.76694525,149.8,104.0683453,4975.4858,2911.772086,63.986,111.2948921,113.605316,57.90018993,2.2,2.26618705,15
Y1Ba2Cu3O7,4,76.4445625,51.24566538,164.5,114.5384615,4235.85725,2952.461769,77.2375,109.1692308,108.756645,96.39892769,2.25,2.076923077,91.5
Y1Ba2Cu2.841Co0.159O6.8,5,72.942289,51.73908859,162,115.6650781,5168.6858,2997.826344,74.83,107.9689609,107.005316,94.17818313,2.6,2.10296875,54
Y1Ba2.01Cu2.806Cr0.194O7.3,5,71.55487,50.34756269,164.8,113.4488355,4826.6858,2860.56737,74.95,109.0615402,105.805316,89.7077411,3,2.133433509,62
Y1Ba2Cu3O6.74,4,76.4445625,51.96497692,164.5,115.8963893,4235.85725,3012.686928,77.2375,108.489011,108.756645,98.3657103,2.25,2.078492936,91
Y1Ba2Cu2.98Fe0.02O6.93,5,72.32465,51.4245686,162.8,114.9156999,4963.4858,2966.758157,65.23,108.8299304,102.805316,96.42414535,2.4,2.078886311,91.8
Y1Ba2Cu2.95Fe0.05O6.92,5,72.32465,51.43410588,162.8,114.9930341,4963.4858,2966.531632,65.23,108.5654025,102.805316,95.75340043,2.4,2.08126935,91.8
Y1Ba2Cu2.9Fe0.1O6.92,5,72.32465,51.40430325,162.8,115.0356037,4963.4858,2962.328845,65.23,108.1679567,102.805316,94.51114037,2.4,2.085139319,76
Y1Ba2Cu2.8Fe0.2O6.93,5,72.32465,51.3173621,162.8,115.0688322,4963.4858,2951.639828,65.23,107.400232,102.805316,91.95546786,2.4,2.092807425,49
Y1Ba2Cu2.6Fe0.4O7,5,72.32465,51.00871154,162.8,114.8769231,4963.4858,2919.046385,65.23,106.0092308,102.805316,86.52200462,2.4,2.107692308,31
Y1Ba2Cu2.95Al0.05O6.93,5,66.55195772,51.29508654,155.2,114.7942769,3928.6858,2944.230701,70.59,108.6952823,134.005316,96.28261403,2.4,2.081206497,91
Y1Ba2Cu2.9Al0.1O6.93,5,66.55195772,51.15369264,155.2,114.6898685,3928.6858,2920.023432,70.59,108.4017788,134.005316,95.64456299,2.4,2.085073473,92
Y1Ba2Cu2.8Al0.2O6.91,5,66.55195772,50.92492732,155.2,114.5840434,3928.6858,2876.055336,70.59,107.761038,134.005316,94.51461408,2.4,2.092951201,85
Y1Ba2Cu2.7Al0.3O6.99,5,66.55195772,50.42835393,155.2,113.9661278,3928.6858,2810.160794,70.59,107.3906851,134.005316,92.66249378,2.4,2.100076982,73
Y1Ba2Cu2.6Al0.4O7,5,66.55195772,50.12060503,155.2,113.7076923,3928.6858,2759.846385,70.59,106.8338462,134.005316,91.32200462,2.4,2.107692308,42
Y1Ba2Cu2.9Ni0.1O6.87,5,72.89433,51.56398353,161.4,115.2416472,5170.2858,2981.866141,84.49,108.7828283,105.205316,94.97145335,2.2,2.077700078,55
Y1Ba2Cu2.8Ni0.2O6.82,5,72.89433,51.66483916,161.4,115.5351014,5170.2858,2993.084694,84.49,108.6014041,105.205316,92.93145676,2.2,2.07800312,45
Y1Ba2Cu2.98Co0.02O6.9,5,72.942289,51.51174061,162,115.0651163,5168.6858,2975.244969,74.83,108.8260465,107.005316,96.68088388,2.6,2.080620155,93.4
Y1Ba2Cu2.95Co0.05O6.92,5,72.942289,51.4460571,162,114.9775542,5168.6858,2970.50222,74.83,108.751161,107.005316,95.83466978,2.6,2.085139319,94.3
Y1Ba2Cu2.9Co0.1O6.82,5,72.942289,51.70456143,162,115.5273011,5168.6858,2993.427908,74.83,108.274571,107.005316,95.41195598,2.6,2.093603744,73
Y1Ba2Cu2.8Co0.2O6.83,5,72.942289,51.64077872,162,115.5292284,5168.6858,2990.628221,74.83,107.8749026,107.005316,92.99934072,2.6,2.109119252,53
Y1Ba2Cu2.7Co0.3O6.88,5,72.942289,51.46660563,162,115.3214286,5168.6858,2978.558348,74.83,107.5846273,107.005316,90.30922907,2.6,2.124223602,22
Y1Ba2Cu2.7Ni0.3O6.97,5,72.89433,51.21494896,161.4,114.7848882,5170.2858,2958.084821,84.49,108.9441018,105.205316,89.47457692,2.2,2.077101002,40
Y1Ba2Cu2.9Zn0.1O6.81,5,74.23165,51.78276066,160,115.5019516,4816.6858,2982.024316,62.09,107.7505855,111.005316,95.64254565,2.2,2.078064012,55
Y1Ba2Cu2.8Zn0.2O6.79,5,74.23165,51.8530552,160,115.58405,4816.6858,2972.455271,62.09,106.7705238,111.005316,93.60285209,2.2,2.078186083,45
Y1Ba2Cu2.7Zn0.3O6.74,5,74.23165,52.00816374,160,115.8257457,4816.6858,2969.829785,62.09,105.7009419,111.005316,91.7723037,2.2,2.078492936,45
Y1Ba2Cu3O6.85,4,76.4445625,51.65710039,164.5,115.3151751,4235.85725,2986.909623,77.2375,108.7801556,108.756645,97.52389673,2.25,2.077821012,92
Gd1Ba2Cu3O,4,93.5306,91.2202,169.75,174.5714286,5093.10725,5971.775571,82.3375,83.51428571,107.256645,178.1466543,2.25,2.142857143,96.4
Gd1Ba1.8Sr0.2Cu3O,5,92.34848,89.8,179.6,173.6,4600.4858,5946.632714,67.176,83.25942857,92.805316,178.6323686,2.2,2.142857143,94.7
Gd1Ba1.6Sr0.4Cu3O,5,92.34848,88.3798,179.6,172.6285714,4600.4858,5921.489857,67.176,83.00457143,92.805316,179.1180829,2.2,2.142857143,92.4
Gd1Ba1.4Sr0.6Cu3O,5,92.34848,86.9596,179.6,171.6571429,4600.4858,5896.347,67.176,82.74971429,92.805316,179.6037971,2.2,2.142857143,89.4
Gd1Ba1.2Sr0.8Cu3O,5,92.34848,85.5394,179.6,170.6857143,4600.4858,5871.204143,67.176,82.49485714,92.805316,180.0895114,2.2,2.142857143,90.7
Gd1Ba1Sr1Cu3O,5,92.34848,84.1192,179.6,169.7142857,4600.4858,5846.061286,67.176,82.24,92.805316,180.5752257,2.2,2.142857143,88.6
La2.89Na0.11Cu1O4,4,60.36015982,66.43866037,144.5,115.18125,4018.85725,3354.267,91.55,104.866,138.256645,56.63454,2,2.3475,16
La2.89Na0.41Cu1O4,4,60.36015982,64.86821852,144.5,117.8855422,4018.85725,3268.016386,91.55,103.0383133,138.256645,59.6477494,2,2.298795181,18
Bi1Ca1Sr1Cu2O,5,83.24476,79.96163333,149.8,149,4584.2858,5313.5715,73.1,80.9,128.605316,173.8377633,2.6,2.5,75
Bi1Ca1Sr1Cu2O,5,83.24476,79.96163333,149.8,149,4584.2858,5313.5715,73.1,80.9,128.605316,173.8377633,2.6,2.5,70
Y1Ba2Cu3O7,4,76.4445625,51.24566538,164.5,114.5384615,4235.85725,2952.461769,77.2375,109.1692308,108.756645,96.39892769,2.25,2.076923077,91.3
Ho1Ba2Cu3O7,4,95.45068,57.09370154,168,115.6153846,5316.60725,3285.000231,82.3375,110.7384615,108.506645,96.32200462,2.25,2.076923077,92.1
Sm1Ba2Cu3O7,4,91.8081,55.97290769,171,116.5384615,4956.10725,3174.077154,82.3375,110.7384615,107.756645,96.09123538,2.25,2.076923077,92.6
Y1Ba2Cu3O7,4,76.4445625,51.24566538,164.5,114.5384615,4235.85725,2952.461769,77.2375,109.1692308,108.756645,96.39892769,2.25,2.076923077,88.1
Eu1Ba2Cu3O,4,92.2091,90.46505714,169.25,174.2857143,4428.85725,5592.204143,82.3375,83.51428571,108.006645,178.5752257,2.25,2.142857143,94
Y1Ba2Cu3O6.8,4,76.4445625,51.79638828,164.5,115.578125,4235.85725,2998.571656,77.2375,108.6484375,108.756645,97.90474563,2.25,2.078125,79
Nd1Ba2Cu3O,4,90.2786,89.36191429,163,170.7142857,4870.35725,5844.489857,82.3375,83.51428571,108.756645,179.0037971,2.25,2.142857143,82.5
Bi1Sr1Ca1Cu2O,5,83.24476,79.96163333,149.8,149,4584.2858,5313.5715,73.1,80.9,128.605316,173.8377633,2.6,2.5,105
La1.8Sr0.2Cu1O4,4,76.5177175,56.44249229,151.75,104.5428571,4434.35725,2936.359429,79.6075,111.4722857,112.006645,61.50090286,2.25,2.257142857,35.7
Y1.2Ba0.8Cu1O4,4,76.4445625,49.15603143,164.5,113.4,4235.85725,2448.588,77.2375,105.6542857,108.756645,62.12947429,2.25,2.171428571,75
Gd1Ba2Cu2.82Fe0.18O9,5,85.99348,51.010028,167,107.1986667,5649.2858,2774.558733,69.31,113.7409333,101.605316,79.29728133,2.4,2.078666667,42
Y1.2Ba0.8Cu1O4,4,76.4445625,49.15603143,164.5,113.4,4235.85725,2448.588,77.2375,105.6542857,108.756645,62.12947429,2.25,2.171428571,94.5
Er1Ba2Cu3O7,4,96.03285,57.27283077,168,115.6153846,5384.35725,3305.846385,82.3375,110.7384615,108.256645,96.24508154,2.25,2.076923077,90
Er0.75Yb0.25Ba2Cu3O7,5,111.43708,57.38427308,178.8,115.5384615,5621.4858,3257.846385,76.17,110.7384615,94.405316,96.70662,2.4,2.076923077,87.6
Er0.62Yb0.38Ba2Cu3O7,5,111.43708,57.44222308,178.8,115.4984615,5621.4858,3232.886385,76.17,110.7384615,94.405316,96.94662,2.4,2.076923077,88.3
Er0.5Yb0.5Ba2Cu3O7,5,111.43708,57.49571538,178.8,115.4615385,5621.4858,3209.846385,76.17,110.7384615,94.405316,97.16815846,2.4,2.076923077,89.3
Er0.37Yb0.63Ba2Cu3O7,5,111.43708,57.55366538,178.8,115.4215385,5621.4858,3184.886385,76.17,110.7384615,94.405316,97.40815846,2.4,2.076923077,87.8
Er0.25Yb0.75Ba2Cu3O7,5,111.43708,57.60715769,178.8,115.3846154,5621.4858,3161.846385,76.17,110.7384615,94.405316,97.62969692,2.4,2.076923077,86.3
Yb1Ba2Cu3O7,4,97.4816,57.7186,167,115.3076923,4760.35725,3113.846385,82.3375,110.7384615,114.256645,98.09123538,2.25,2.076923077,88.5
Y1Ba2Cu2.9Fe0.1O,5,72.32465,81.34673571,162.8,171.7285714,4963.4858,5466.404143,65.23,79.13285714,102.805316,174.4180829,2.4,2.157142857,90
Y1Ba2Cu2.8Fe0.2O,5,72.32465,81.23672143,162.8,171.8857143,4963.4858,5450.889857,65.23,77.66571429,102.805316,169.8323686,2.4,2.171428571,66
Y1Ba2Cu2.7Fe0.3O,5,72.32465,81.12670714,162.8,172.0428571,4963.4858,5435.375571,65.23,76.19857143,102.805316,165.2466543,2.4,2.185714286,44
Y1Ba2Cu2.6Fe0.4O,5,72.32465,81.01669286,162.8,172.2,4963.4858,5419.861286,65.23,74.73142857,102.805316,160.66094,2.4,2.2,22
Y1Ba2Cu2.9Ni0.1O,5,72.89433,81.38742714,161.4,171.6285714,5170.2858,5481.175571,84.49,80.50857143,105.205316,174.5895114,2.2,2.142857143,80
Y1Ba2Cu2.8Ni0.2O,5,72.89433,81.31810429,161.4,171.6857143,5170.2858,5480.432714,84.49,80.41714286,105.205316,170.1752257,2.2,2.142857143,73
Y1Ba2Cu2.9Co0.1O,5,72.942289,81.39085279,162,171.6714286,5168.6858,5481.061286,74.83,79.81857143,107.005316,174.7180829,2.6,2.171428571,88
Y1Ba2Cu2.7Co0.3O,5,72.942289,81.25905836,162,171.8714286,5168.6858,5479.347,74.83,78.25571429,107.005316,166.1466543,2.6,2.228571429,50
Y1Ba2Cu2.6Co0.4O,5,72.942289,81.19316114,162,171.9714286,5168.6858,5478.489857,74.83,77.47428571,107.005316,161.86094,2.6,2.257142857,15
Y1Ba2Cu2.9Zn0.1O,5,74.23165,81.48295,160,171.5285714,4816.6858,5455.918429,62.09,78.90857143,111.005316,175.0037971,2.2,2.142857143,58
Y1Ba2Cu2.8Zn0.2O,5,74.23165,81.50915,160,171.4857143,4816.6858,5429.918429,62.09,77.21714286,111.005316,171.0037971,2.2,2.142857143,50
Dy1Ba2Cu3O,4,94.8431,91.9702,168.5,173.8571429,5255.60725,6064.632714,82.3375,83.51428571,107.256645,178.1466543,2.25,2.142857143,91.2
Y1Ba2Cu3O,4,76.4445625,81.45675,164.5,171.5714286,4235.85725,5481.918429,77.2375,80.6,108.756645,179.0037971,2.25,2.142857143,90.8
Y1Ba2Cu3O,4,76.4445625,81.45675,164.5,171.5714286,4235.85725,5481.918429,77.2375,80.6,108.756645,179.0037971,2.25,2.142857143,91.5
La1.85Sr0.15Cu1O4,4,76.5177175,56.80881707,151.75,104.3714286,4434.35725,2961.473714,79.6075,111.7792143,112.006645,61.34376,2.25,2.264285714,40
Y1Ba2Cu2.94Ga0.06O7,5,75.10025,51.27417462,158.8,114.4969231,4569.4858,2938.357154,67.87,108.7561538,92.805316,94.68662,2.4,2.081538462,87
Y1Ba2Cu2.85Ga0.15O7,5,75.10025,51.31693846,158.8,114.4346154,4569.4858,2917.200231,67.87,108.1365385,92.805316,92.11815846,2.4,2.088461538,75
Y1Ba2Cu2.7Ga0.3O7,5,75.10025,51.38821154,158.8,114.3307692,4569.4858,2881.938692,67.87,107.1038462,92.805316,87.83738923,2.4,2.1,66
Y1Ba2Cu3O6.98,4,76.4445625,51.29997396,164.5,114.6409861,4235.85725,2957.008815,77.2375,109.1178737,108.756645,96.54742129,2.25,2.077041602,92
Y1Ba2Cu2.88Fe0.12O7,5,72.32465,51.17457923,162.8,114.64,4963.4858,2942.437154,65.23,108.2212308,102.805316,93.43585077,2.4,2.086153846,70
Gd1Ba2Cu3O7,4,93.5306,56.50290769,169.75,116.1538462,5093.10725,3216.231,82.3375,110.7384615,107.256645,95.93738923,2.25,2.076923077,94.7
Eu1Ba2Cu3O7,4,92.2091,56.09629231,169.25,116,4428.85725,3011.846385,82.3375,110.7384615,108.006645,96.16815846,2.25,2.076923077,94.5
Nd1Ba2Cu3O,4,90.2786,89.36191429,163,170.7142857,4870.35725,5844.489857,82.3375,83.51428571,108.756645,179.0037971,2.25,2.142857143,90
Nd1.2Ba1.8Cu3O,4,90.2786,89.55948571,163,169.3714286,4870.35725,5944.489857,82.3375,84.54428571,108.756645,178.9752257,2.25,2.171428571,60
Nd1.08Ba1.92Cu3O,4,90.2786,89.44094286,163,170.1771429,4870.35725,5884.489857,82.3375,83.92628571,108.756645,178.9923686,2.25,2.154285714,86
Nd1.32Ba1.68Cu3O,4,90.2786,89.67802857,163,168.5657143,4870.35725,6004.489857,82.3375,85.16228571,108.756645,178.9580829,2.25,2.188571429,20
Y1Ba2Cu2.97Mo0.03O,5,80.34765,81.59566714,169.6,171.7642857,5444.6858,5487.575571,76.47,80.40071429,114.805316,177.8852257,3,2.16,76
Y1Ba2Cu2.94Mo0.06O,5,80.34765,81.73458429,169.6,171.9571429,5444.6858,5493.232714,76.47,80.20142857,114.805316,176.7666543,3,2.177142857,63
Y1Ba2Cu2.895Mo0.105O,5,80.34765,81.94296,169.6,172.2464286,5444.6858,5501.718429,76.47,79.9025,114.805316,175.0887971,3,2.202857143,52.5
Y1Ba2Cu2.85Mo0.15O,5,80.34765,82.15133571,169.6,172.5357143,5444.6858,5510.204143,76.47,79.60357143,114.805316,173.41094,3,2.228571429,50
Y1Ba2Cu2.97Zn0.03O,5,74.23165,81.46461,160,171.5585714,4816.6858,5474.118429,62.09,80.09257143,111.005316,177.8037971,2.2,2.142857143,79
Y1Ba2Cu2.94Zn0.06O,5,74.23165,81.47247,160,171.5457143,4816.6858,5466.318429,62.09,79.58514286,111.005316,176.6037971,2.2,2.142857143,62
Y1Ba2Cu2.895Zn0.105O,5,74.23165,81.48426,160,171.5264286,4816.6858,5454.618429,62.09,78.824,111.005316,174.8037971,2.2,2.142857143,52
Y1Ba2Cu2.85Zn0.15O,5,74.23165,81.49605,160,171.5071429,4816.6858,5442.918429,62.09,78.06285714,111.005316,173.0037971,2.2,2.142857143,38
Y1Ba2Cu2.97Al0.03O,5,66.55195772,81.30004517,155.2,171.4557143,3928.6858,5455.089857,70.59,80.27471429,134.005316,178.2966543,2.4,2.147142857,81
Y1Ba2Cu2.94Al0.06O,5,66.55195772,81.14334033,155.2,171.34,3928.6858,5428.261286,70.59,79.94942857,134.005316,177.5895114,2.4,2.151428571,58
Y1Ba2Cu2.885Al0.105O,5,66.55195772,80.93312182,155.2,171.2038627,3928.6858,5382.908298,70.59,79.40364807,134.005316,176.2090959,2.4,2.158082976,42
Y1Ba2Cu2.85Al0.15O,5,66.55195772,80.67322583,155.2,170.9928571,3928.6858,5347.775571,70.59,78.97357143,134.005316,175.4680829,2.4,2.164285714,33
Y1Ba1.95La0.05Cu3O,5,88.936744,81.46802479,170.6,171.1571429,4617.8858,5500.747,71.69,80.84321429,89.605316,178.9680829,2.4,2.15,91
Y1Ba1.85La0.15Cu3O,5,88.936744,81.49057436,170.6,170.3285714,4617.8858,5538.404143,71.69,81.32964286,89.605316,178.8966543,2.4,2.164285714,88
Y1Ba1.75La0.25Cu3O,5,88.936744,81.51312393,170.6,169.5,4617.8858,5576.061286,71.69,81.81607143,89.605316,178.8252257,2.4,2.178571429,76
Y1Ba1.65La0.35Cu3O,5,88.936744,81.5356735,170.6,168.6714286,4617.8858,5613.718429,71.69,82.3025,89.605316,178.7537971,2.4,2.192857143,64
Y1Ba2Cu3O7,4,76.4445625,51.24566538,164.5,114.5384615,4235.85725,2952.461769,77.2375,109.1692308,108.756645,96.39892769,2.25,2.076923077,92.5
Nd1Ba2Cu3O7,4,90.2786,55.50229231,163,114.0769231,4870.35725,3147.692538,82.3375,110.7384615,108.756645,96.39892769,2.25,2.076923077,67
Sm1Ba2Cu3O7,4,91.8081,55.97290769,171,116.5384615,4956.10725,3174.077154,82.3375,110.7384615,107.756645,96.09123538,2.25,2.076923077,76
Eu1Ba2Cu3O7,4,92.2091,56.09629231,169.25,116,4428.85725,3011.846385,82.3375,110.7384615,108.006645,96.16815846,2.25,2.076923077,92
Gd1Ba2Cu3O7,4,93.5306,56.50290769,169.75,116.1538462,5093.10725,3216.231,82.3375,110.7384615,107.256645,95.93738923,2.25,2.076923077,86
Dy1Ba2Cu3O7,4,94.8431,56.90675385,168.5,115.7692308,5255.60725,3266.231,82.3375,110.7384615,107.256645,95.93738923,2.25,2.076923077,92
Ho1Ba2Cu3O7,4,95.45068,57.09370154,168,115.6153846,5316.60725,3285.000231,82.3375,110.7384615,108.506645,96.32200462,2.25,2.076923077,91
Er1Ba2Cu3O7,4,96.03285,57.27283077,168,115.6153846,5384.35725,3305.846385,82.3375,110.7384615,108.256645,96.24508154,2.25,2.076923077,91
Tm1Ba2Cu3O7,4,96.4516525,57.40169308,167,115.3076923,5447.85725,3325.384846,82.3375,110.7384615,108.756645,96.39892769,2.25,2.076923077,92
Yb1Ba2Cu3O7,4,97.4816,57.7186,167,115.3076923,4760.35725,3113.846385,82.3375,110.7384615,114.256645,98.09123538,2.25,2.076923077,91
Y1Ba2Cu3HO7,5,61.357238,47.65725643,142.2,110.1428571,3388.70378,2741.578064,76.65,106.6785714,87.041416,89.52618286,2,2,90
Y1Ba2Cu3HO7,5,61.357238,47.65725643,142.2,110.1428571,3388.70378,2741.578064,76.65,106.6785714,87.041416,89.52618286,2,2,43.05
Gd1Ba2Cu3O7,4,93.5306,56.50290769,169.75,116.1538462,5093.10725,3216.231,82.3375,110.7384615,107.256645,95.93738923,2.25,2.076923077,93
Dy1Ba2Cu3O7,4,94.8431,56.90675385,168.5,115.7692308,5255.60725,3266.231,82.3375,110.7384615,107.256645,95.93738923,2.25,2.076923077,94
Sm1Ba2Cu3O7,4,91.8081,55.97290769,171,116.5384615,4956.10725,3174.077154,82.3375,110.7384615,107.756645,96.09123538,2.25,2.076923077,92
Ho1Ba2Cu3O7,4,95.45068,57.09370154,168,115.6153846,5316.60725,3285.000231,82.3375,110.7384615,108.506645,96.32200462,2.25,2.076923077,93.5
Y1Ba2Cu3O7,4,76.4445625,51.24566538,164.5,114.5384615,4235.85725,2952.461769,77.2375,109.1692308,108.756645,96.39892769,2.25,2.076923077,93.5
Nd1Ba2Cu3O7,4,90.2786,55.50229231,163,114.0769231,4870.35725,3147.692538,82.3375,110.7384615,108.756645,96.39892769,2.25,2.076923077,88
Nd1Ba2Cu3S1O6,5,78.63588,56.73810769,147.8,117.0769231,4288.2858,3298.351846,106.17,115.2769231,87.046316,96.41265231,3,2.384615385,69
Nd1Ba2Cu3S1O5,5,78.63588,60.133,147.8,122.8333333,4288.2858,3573.095417,106.17,113.0083333,87.046316,104.444825,3,2.416666667,56
Eu1Ba2Cu3S1O6,5,80.18028,57.33210769,152.8,119,3935.0858,3162.505692,106.17,115.2769231,86.446316,96.18188308,3,2.384615385,85
Gd1Ba2Cu3O7,4,93.5306,56.50290769,169.75,116.1538462,5093.10725,3216.231,82.3375,110.7384615,107.256645,95.93738923,2.25,2.076923077,92
Gd1Ba2Cu3S1O6,5,81.23748,57.73872308,153.2,119.1538462,4466.4858,3366.890308,106.17,115.2769231,85.846316,95.95111385,3,2.384615385,92
Y1Ba2Cu3O6.89,4,76.4445625,51.5464481,164.5,115.1062839,4235.85725,2977.645137,77.2375,108.8847944,108.756645,97.22134493,2.25,2.077579519,92
Y1Ba2Cu3S0.03O7.12,5,67.56865,50.88026829,149,113.8684411,3780.6858,2923.268021,102.09,109.6840304,87.046316,95.30003039,3,2.085171103,90
Y1Ba2Cu3S0.06O7.23,5,67.56865,50.54909044,149,113.2626035,3780.6858,2896.909832,102.09,110.1629044,87.046316,94.29680011,3,2.093303236,89
Y1Ba2Cu3S0.12O7.28,5,67.56865,50.3374091,149,112.9014925,3780.6858,2881.910681,102.09,110.6925373,87.046316,93.52373899,3,2.110447761,89
Y1Ba2Cu3O,4,76.4445625,81.45675,164.5,171.5714286,4235.85725,5481.918429,77.2375,80.6,108.756645,179.0037971,2.25,2.142857143,91.9
Y1Ba2Cu2.975Zn0.025O,5,74.23165,81.4633,160,171.5607143,4816.6858,5475.418429,62.09,80.17714286,111.005316,178.0037971,2.2,2.142857143,82.8
Y1Ba2Cu2.95Zn0.05O,5,74.23165,81.46985,160,171.55,4816.6858,5468.918429,62.09,79.75428571,111.005316,177.0037971,2.2,2.142857143,74.7
Y1Ba2Cu2.925Zn0.075O,5,74.23165,81.4764,160,171.5392857,4816.6858,5462.418429,62.09,79.33142857,111.005316,176.0037971,2.2,2.142857143,64.9
Y1Ba2Cu2.9Zn0.1O,5,74.23165,81.48295,160,171.5285714,4816.6858,5455.918429,62.09,78.90857143,111.005316,175.0037971,2.2,2.142857143,57.6
Y1Ba2Cu2.85Zn0.15O,5,74.23165,81.49605,160,171.5071429,4816.6858,5442.918429,62.09,78.06285714,111.005316,173.0037971,2.2,2.142857143,56
Y1Ba2Cu2.8Zn0.2O,5,74.23165,81.50915,160,171.4857143,4816.6858,5429.918429,62.09,77.21714286,111.005316,171.0037971,2.2,2.142857143,56.5
Y1Ba2Cu2.7Zn0.3O,5,74.23165,81.53535,160,171.4428571,4816.6858,5403.918429,62.09,75.52571429,111.005316,167.0037971,2.2,2.142857143,47.6
Gd1Ba2Cu3O6.9,4,93.5306,56.81688837,169.75,116.6821705,5093.10725,3241.151946,82.3375,110.4922481,107.256645,96.68088388,2.25,2.07751938,92
Gd1Ba2Cu2.7Fe0.3O6.9,5,85.99348,56.63779535,167,116.9379845,5649.2858,3215.896132,69.31,108.103876,101.605316,89.2157676,2.4,2.100775194,41
Gd1Ba2Cu2.7Co0.3O6.9,5,86.611119,56.70961384,166.2,116.8449612,5854.4858,3239.756597,78.91,109.220155,105.805316,89.70413969,2.6,2.124031008,33
Y1Ba2Cu3O6.9,4,76.4445625,51.51889225,164.5,115.0542636,4235.85725,2975.337992,77.2375,108.9108527,108.756645,97.14600016,2.25,2.07751938,91
Bi2.2Sr2Ca0.8Cu2O8,5,83.24476,61.476432,149.8,105.4533333,4584.2858,3063.162133,73.1,106.6597333,128.605316,69.854176,2.6,2.44,87
Y1Ba2Cu2.5Ni0.5O7,5,72.89433,51.05902692,161.4,114.6923077,5170.2858,2950.461769,84.49,108.9230769,105.205316,84.51431231,2.2,2.076923077,52.3
La2.8Ba3.2Cu6O14.07,4,88.9444675,55.03526176,160.25,111.2757959,4654.35725,3153.851401,81.8375,111.7151899,107.756645,95.67986117,2.25,2.107403145,13
La2.6Ba3.4Cu6O14.06,4,88.9444675,55.03812686,160.25,111.7452034,4654.35725,3134.830842,81.8375,111.4420568,107.756645,95.75493917,2.25,2.099769762,26
La2.4Ba3.6Cu6O14.01,4,88.9444675,55.10103506,160.25,112.3137255,4654.35725,3120.585171,81.8375,111.1205306,107.756645,95.97740814,2.25,2.092272203,39
La2.2Ba3.8Cu6O13.86,4,88.9444675,55.31563488,160.25,113.1353442,4654.35725,3118.291026,81.8375,110.675174,107.756645,96.57263723,2.25,2.085073473,52
La2Ba4Cu6O13.8,4,88.9444675,55.39483178,160.25,113.7364341,4654.35725,3105.105434,81.8375,110.3372093,107.756645,96.83592264,2.25,2.07751938,65
Y1La2Ba3Cu6O14.53,5,88.936744,52.48567931,170.6,110.3822088,4617.8858,3055.965449,71.69,111.8120995,89.605316,94.13442169,2.4,2.113079533,25.6
Y1La1.8Ba3.2Cu6O14.49,5,88.936744,52.52885625,170.6,110.9143073,4617.8858,3040.675961,71.69,111.5086825,89.605316,94.31427498,2.4,2.105700264,41.9
Y1La1.6Ba3.4Cu6O14.38,5,88.936744,52.66921054,170.6,111.616376,4617.8858,3033.364254,71.69,111.121304,89.605316,94.74534573,2.4,2.098559515,53.1
Y1La1.4Ba3.6Cu6O14.2,5,88.936744,52.90909115,170.6,112.4961832,4617.8858,3034.072206,71.69,110.6458015,89.605316,95.43425328,2.4,2.091603053,64
Y1La1.2Ba3.8Cu6O14.07,5,88.936744,53.0810346,170.6,113.2627541,4617.8858,3028.97223,71.69,110.2257384,89.605316,95.94836903,2.4,2.084388186,70.4
Y1La1Ba4Cu6O13.95,5,88.936744,53.24034489,170.6,114.0115607,4617.8858,3022.656437,71.69,109.8140655,89.605316,96.43047364,2.4,2.077071291,72.2
Y2La1Ba3Cu6O14.17,5,88.936744,51.07702209,170.6,111.8899503,4617.8858,3034.017919,71.69,110.6868552,89.605316,95.58183564,2.4,2.114635078,28
Y2La0.8Ba3.2Cu6O14.2,5,88.936744,51.02480748,170.6,112.259542,4617.8858,3010.423351,71.69,110.4633588,89.605316,95.51058916,2.4,2.106870229,46
Y2La0.6Ba3.4Cu6O14.02,5,88.936744,51.25497194,170.6,113.1498847,4617.8858,3010.977501,71.69,109.9800154,89.605316,96.20955617,2.4,2.099923136,60
Y2La0.4Ba3.6Cu6O13.91,5,88.936744,51.39246399,170.6,113.8741799,4617.8858,3003.407078,71.69,109.57912,89.605316,96.65649277,2.4,2.092628329,78
Y2La0.2Ba3.8Cu6O13.92,5,88.936744,51.36662971,170.6,114.2962963,4617.8858,2981.909401,71.69,109.3290895,89.605316,96.65779296,2.4,2.084876543,93
Y2La0.15Ba3.85Cu6O13.99,5,88.936744,51.26833692,170.6,114.229319,4617.8858,2968.810762,71.69,109.3529242,89.605316,96.40715099,2.4,2.082724125,93.2
Y2La0.1Ba3.9Cu6O13.94,5,88.936744,51.33327614,170.6,114.4687741,4617.8858,2969.449509,71.69,109.2234002,89.605316,96.60256458,2.4,2.080956052,90
Y2Ba4Cu6O13.9,4,76.4445625,51.38175135,164.5,114.7953668,4235.85725,2963.855718,77.2375,109.0405405,108.756645,96.7710217,2.25,2.077220077,93
Y1Ba2Cu3O6.94,4,76.4445625,51.40909474,164.5,114.8469861,4235.85725,2966.145074,77.2375,109.0146832,108.756645,96.84578556,2.25,2.077279753,97
Y1Ba1.975La0.025Cu3O6.95,5,88.936744,51.38479859,170.6,114.6833977,4617.8858,2968.944521,71.69,109.1062741,89.605316,96.76136919,2.4,2.079150579,99
Y1Ba1.95La0.05Cu3O6.9,5,88.936744,51.52501035,170.6,114.8294574,4617.8858,2985.555047,71.69,109.0428295,89.605316,97.12662031,2.4,2.081395349,99
Y1Ba1.925La0.075Cu3O6.9,5,88.936744,51.5280694,170.6,114.7170543,4617.8858,2990.663574,71.69,109.1088178,89.605316,97.11693039,2.4,2.083333333,99
Y1Ba1.9La0.1Cu3O6.9,5,88.936744,51.53112845,170.6,114.6046512,4617.8858,2995.772101,71.69,109.1748062,89.605316,97.10724047,2.4,2.085271318,95
Y1Ba1.8La0.2Cu3O6.95,5,88.936744,51.40612927,170.6,113.8996139,4617.8858,3004.566143,71.69,109.5664093,89.605316,96.69380162,2.4,2.092664093,78
Y1Ba1.7La0.3Cu3O7,5,88.936744,51.28209162,170.6,113.2,4617.8858,3013.292538,71.69,109.955,89.605316,96.28354308,2.4,2.1,67
Y1Ba1.6La0.4Cu3O7.05,5,88.936744,51.15900444,170.6,112.5057471,4617.8858,3021.952065,71.69,110.340613,89.605316,95.87642828,2.4,2.107279693,52
Y1Ba1.5La0.5Cu3O7.08,5,88.936744,51.09043096,170.6,111.9143731,4617.8858,3035.177165,71.69,110.6746942,89.605316,95.61836287,2.4,2.114678899,38
Gd1Ba2Cu3O,4,93.5306,91.2202,169.75,174.5714286,5093.10725,5971.775571,82.3375,83.51428571,107.256645,178.1466543,2.25,2.142857143,89
Gd1Ba2Cu2.925Fe0.075O,5,85.99348,91.13768929,167,174.6892857,5649.2858,5960.139857,69.31,82.41392857,101.605316,174.7073686,2.4,2.153571429,64
Gd1Ba2Cu2.85Fe0.15O,5,85.99348,91.05517857,167,174.8071429,5649.2858,5948.504143,69.31,81.31357143,101.605316,171.2680829,2.4,2.164285714,47
Gd1Ba2Cu2.775Fe0.225O,5,85.99348,90.97266786,167,174.925,5649.2858,5936.868429,69.31,80.21321429,101.605316,167.8287971,2.4,2.175,33
Gd1Ba2Cu2.7Fe0.3O,5,85.99348,90.89015714,167,175.0428571,5649.2858,5925.232714,69.31,79.11285714,101.605316,164.3895114,2.4,2.185714286,11
Y1Ba2Cu3O,4,76.4445625,81.45675,164.5,171.5714286,4235.85725,5481.918429,77.2375,80.6,108.756645,179.0037971,2.25,2.142857143,93
Y1Ba2Cu3O,4,76.4445625,81.45675,164.5,171.5714286,4235.85725,5481.918429,77.2375,80.6,108.756645,179.0037971,2.25,2.142857143,91.6
La1Ba2Cu3O,4,88.9444675,88.59955286,160.25,169.1428571,4654.35725,5721.061286,81.8375,83.22857143,107.756645,178.4323686,2.25,2.142857143,34.5
La1Ba1.75Ca0.25Cu3O,5,79.171174,85.12637429,167,167.0357143,4033.4858,5651.061286,66.244,82.815,126.205316,184.9323686,2.2,2.142857143,71.7
La1Ba1.25Ca0.75Cu3O,5,79.171174,78.18001714,167,162.8214286,4033.4858,5511.061286,66.244,81.98785714,126.205316,197.9323686,2.2,2.142857143,78.2
La1Ba1Ca1Cu3O,5,79.171174,74.70683857,167,160.7142857,4033.4858,5441.061286,66.244,81.57428571,126.205316,204.4323686,2.2,2.142857143,80
La1Ba0.5Ca1.5Cu3O,5,79.171174,67.76048143,167,156.5,4033.4858,5301.061286,66.244,80.74714286,126.205316,217.4323686,2.2,2.142857143,36.7
Y1Ba2Cu2.8Co0.2O7.04,5,72.942289,51.06679946,162,114.4417178,5168.6858,2942.489276,74.83,108.4325153,107.005316,91.50208,2.6,2.107361963,53
Bi2Sr2Ca2Cu3O,5,83.24476,87.99942,149.8,159.5,4584.2858,5480.1429,73.1,70.84,128.605316,168.602658,2.6,2.6,111
Bi2Sr2Ca1Cu2O,5,83.24476,97.046275,149.8,157,4584.2858,5536.428625,73.1,73.07875,128.605316,135.7533225,2.6,2.75,87
Y1Ba2Cu2.97Co0.03O6.96,5,72.942289,51.34377236,162,114.7600309,5168.6858,2961.431006,74.83,108.9397377,107.005316,96.00192877,2.6,2.081790123,92
Y1Ba2Cu2.925Co0.075O6.97,5,72.942289,51.30051716,162,114.732845,5168.6858,2958.940642,74.83,108.7758288,107.005316,94.88706728,2.6,2.088666153,92
Y1Ba2Cu2.85Co0.15O7.03,5,72.942289,51.11141299,162,114.465848,5168.6858,2944.976659,74.83,108.6162701,107.005316,92.72347332,2.6,2.099769762,65
Y1Ba2Cu2.775Co0.225O6.99,5,72.942289,51.1929003,162,114.7109315,5168.6858,2953.694281,74.83,108.1961124,107.005316,91.27681249,2.6,2.111624326,58
Y1Ba2Cu2.7Co0.3O7.11,5,72.942289,50.84437395,162,114.1403509,5168.6858,2926.328008,74.83,108.1971777,107.005316,88.72532294,2.6,2.122044241,36
Y1Ba2Cu2.94Ni0.06O7.01,5,72.89433,51.19619431,161.4,114.5057648,5170.2858,2949.953673,84.49,109.1653344,105.205316,94.89979445,2.2,2.076863951,85
Y1Ba2Cu2.85Ni0.15O6.84,5,72.89433,51.62818193,161.4,115.4143302,5170.2858,2988.627287,84.49,108.6791277,105.205316,93.99001614,2.2,2.07788162,75
Y1Ba2Cu2.7Ni0.3O6.88,5,72.89433,51.46102034,161.4,115.2515528,5170.2858,2978.744683,84.49,108.7096273,105.205316,90.09960174,2.2,2.077639752,73
Y1Ba2Cu2.4Ni0.6O6.94,5,72.89433,51.18409011,161.4,115.0324575,5170.2858,2963.733946,84.49,108.7179289,105.205316,82.51811941,2.2,2.077279753,66
La1.94Sr0.06Cu1O3.995,4,76.5177175,57.49784343,151.75,104.1029307,4434.35725,3008.82757,79.6075,112.3101215,112.006645,61.10452996,2.25,2.277340958,6.5
La1.92Sr0.08Cu1O3.994,4,76.5177175,57.35712125,151.75,104.1795825,4434.35725,2999.203235,79.6075,112.1829282,112.006645,61.17617394,2.25,2.274521018,20.3
La1.89Sr0.11Cu1O3.986,4,76.5177175,57.18424659,151.75,104.3469797,4434.35725,2987.53736,79.6075,111.9636845,112.006645,61.3406739,2.25,2.270541082,29.2
La1.855Sr0.145Cu1O4,4,76.5177175,56.84544955,151.75,104.3542857,4434.35725,2963.985143,79.6075,111.8099071,112.006645,61.32804571,2.25,2.265,34.9
La1.85Sr0.15Cu1O4,4,76.5177175,56.80881707,151.75,104.3714286,4434.35725,2961.473714,79.6075,111.7792143,112.006645,61.34376,2.25,2.264285714,35.2
La1.815Sr0.185Cu1O3.964,4,76.5177175,56.76202608,151.75,104.7834578,4434.35725,2959.104617,79.6075,111.4044443,112.006645,61.7713043,2.25,2.260626077,33.2
La1.78Sr0.22Cu1O3.945,4,76.5177175,56.61508562,151.75,105.0597552,4434.35725,2949.476948,79.6075,111.1028222,112.006645,62.05109548,2.25,2.256299496,34.8
La1.75Sr0.25Cu1O3.921,4,76.5177175,56.53362518,151.75,105.3616529,4434.35725,2944.459342,79.6075,110.8076868,112.006645,62.36154027,2.25,2.252853634,19.6
La1.73Sr0.27Cu1O3.913,4,76.5177175,56.43215902,151.75,105.4974685,4434.35725,2937.692995,79.6075,110.6466946,112.006645,62.49732497,2.25,2.250253146,30.6
La1Ba2Cu2.9O6.8,4,88.9444675,55.64084961,160.25,114.007874,4654.35725,3083.442299,81.8375,110.0086614,107.756645,95.2110822,2.25,2.078740157,45
La1.2Ba1.8Cu3O6.98,4,88.9444675,55.17634638,160.25,112.4375963,4654.35725,3126.59279,81.8375,111.0600924,107.756645,96.16221328,2.25,2.092449923,80
Y0.875Lu0.125Ba2Cu3O,5,96.14901,82.99355268,175,171.6607143,5356.8858,5577.793429,72.09,80.96428571,90.205316,178.98594,2.4,2.142857143,89.7
Y0.75Lu0.25Ba2Cu3O,5,96.14901,84.53035536,175,171.75,5356.8858,5673.668429,72.09,81.32857143,90.205316,178.9680829,2.4,2.142857143,88.2
Y0.625Lu0.375Ba2Cu3O,5,96.14901,86.06715804,175,171.8392857,5356.8858,5769.543429,72.09,81.69285714,90.205316,178.9502257,2.4,2.142857143,88
Y0.5Lu0.5Ba2Cu3O,5,96.14901,87.60396071,175,171.9285714,5356.8858,5865.418429,72.09,82.05714286,90.205316,178.9323686,2.4,2.142857143,86.7
Y0.375Lu0.625Ba2Cu3O,5,96.14901,89.14076339,175,172.0178571,5356.8858,5961.293429,72.09,82.42142857,90.205316,178.9145114,2.4,2.142857143,86.9
Y0.25Lu0.75Ba2Cu3O,5,96.14901,90.67756607,175,172.1071429,5356.8858,6057.168429,72.09,82.78571429,90.205316,178.8966543,2.4,2.142857143,86
Y0.125Lu0.875Ba2Cu3O,5,96.14901,92.21436875,175,172.1964286,5356.8858,6153.043429,72.09,83.15,90.205316,178.8787971,2.4,2.142857143,87.9
La1.9Ba0.1Cu1O4,4,88.9444675,57.88524186,160.25,104.6857143,4654.35725,2999.159429,81.8375,112.2135714,107.756645,60.94376,2.25,2.271428571,26.9
La1.785Ba0.215Cu1O,4,88.9444675,89.25424224,160.25,148.8675,4654.35725,5171.67225,81.8375,88.5198125,107.756645,106.775395,2.25,2.44625,25.5
La1.9Sr0.1Cu1O3.98,4,76.5177175,57.29312393,151.75,104.3610315,4434.35725,2995.141464,79.6075,111.9989971,112.006645,61.3618608,2.25,2.272206304,29.5
La1.875Sr0.125Cu1O,4,76.5177175,87.73641406,151.75,146.5,4434.35725,5203.48225,79.6075,89.0071875,112.006645,107.194145,2.25,2.46875,34.3
La1.85Sr0.15Cu1O3.98,4,76.5177175,56.9257495,151.75,104.5329513,4434.35725,2969.955218,79.6075,111.6911891,112.006645,61.51945393,2.25,2.26504298,37.9
La1.825Sr0.175Cu1O,4,76.5177175,87.09534569,151.75,146.8,4434.35725,5159.53225,79.6075,88.4700625,112.006645,107.469145,2.25,2.45625,35
La1.8Sr0.2Cu1O3.99,4,76.5177175,56.50035079,151.75,104.6237482,4434.35725,2940.558185,79.6075,111.427897,112.006645,61.58884896,2.25,2.25751073,27.5
La1.75Sr0.25Cu1O,4,76.5177175,86.13374313,151.75,147.25,4434.35725,5093.60725,79.6075,87.664375,112.006645,107.881645,2.25,2.4375,11.9
La1.9Ca0.1Cu1O3.967,4,64.6322175,56.68778711,145.5,104.1073633,4164.35725,2985.2259,78.9425,111.9039041,153.256645,63.84461646,2.25,2.272714224,20
La1.85Ca0.15Cu1O3.942,4,64.6322175,56.12250854,145.5,104.3022184,4164.35725,2962.868499,78.9425,111.4650677,153.256645,65.42131639,2.25,2.266493806,19
La1.8Ca0.2Cu1O3.917,4,64.6322175,55.55314382,145.5,104.498482,4164.35725,2940.349486,78.9425,111.0230591,153.256645,67.0094136,2.25,2.260228423,19.5
Y1Ba2Cu3O6.94,4,76.4445625,51.40909474,164.5,114.8469861,4235.85725,2966.145074,77.2375,109.0146832,108.756645,96.84578556,2.25,2.077279753,92.5
Y1Ba2Cu3O6.89,4,76.4445625,51.5464481,164.5,115.1062839,4235.85725,2977.645137,77.2375,108.8847944,108.756645,97.22134493,2.25,2.077579519,92.1
Y1Ba2Cu3O6.84,4,76.4445625,51.68487118,164.5,115.3676012,4235.85725,2989.234763,77.2375,108.7538941,108.756645,97.59982922,2.25,2.07788162,91
Y1Ba2Cu3O6.83,4,76.4445625,51.71268527,164.5,115.4201091,4235.85725,2991.563528,77.2375,108.7275916,108.756645,97.67588008,2.25,2.077942323,89.3
Y1Ba2Cu3O6.75,4,76.4445625,51.93676863,164.5,115.8431373,4235.85725,3010.325157,77.2375,108.5156863,108.756645,98.28858157,2.25,2.078431373,92.3
Y1Ba2Cu3O6.7,4,76.4445625,52.07825433,164.5,116.1102362,4235.85725,3022.171205,77.2375,108.3818898,108.756645,98.67543984,2.25,2.078740157,83
Y1Ba2Cu3O6.4,4,76.4445625,52.95112984,164.5,117.7580645,4235.85725,3095.253677,77.2375,107.5564516,108.756645,101.0621058,2.25,2.080645161,33
Y1Ba2Cu2.955Fe0.045O6.89,5,72.32465,51.5195633,162.8,115.1446858,4963.4858,2973.853825,65.23,108.5262607,102.805316,96.10070878,2.4,2.081070597,72
Y1Ba2Cu2.9Fe0.1O6.92,5,72.32465,51.40430325,162.8,115.0356037,4963.4858,2962.328845,65.23,108.1679567,102.805316,94.51114037,2.4,2.085139319,48
Y1Ba2Cu2.52Al0.48O6.74,5,66.55195772,50.587352,155.2,114.8791209,3928.6858,2776.831355,70.59,105.6293564,134.005316,92.1490698,2.4,2.116169545,68
Y1Ba2Cu2.05Al0.95O6.7,5,66.55195772,49.34311745,155.2,114.0905512,3928.6858,2553.903488,70.59,102.7043307,134.005316,86.33292016,2.4,2.153543307,63
Y1Ba2Cu2.095Al0.095O6.81,5,66.55195772,50.68399001,155.2,113.3220833,3928.6858,2544.119291,70.59,107.3162917,134.005316,76.12550082,2.4,2.09125,83.3
Y1Ba2Cu2.98Zr0.02O6.84,5,79.40045,51.72798333,172.8,115.4626168,4690.8858,2985.420121,70.31,108.6334891,91.605316,97.01260181,2.6,2.080996885,90.2
Y1Ba2Cu2.94Zr0.06O6.81,5,79.40045,51.89808306,172.8,115.8110851,4690.8858,2984.76124,70.31,108.3128025,91.605316,96.06253004,2.6,2.087431694,92.3
Y1Ba2Cu2.98Zr0.2O6.75,5,79.40045,52.52650271,172.8,117.1925754,4690.8858,3055.27036,70.31,107.4784996,91.605316,96.65734068,2.6,2.108275329,89.8
Eu1Ba2Cu3O6.76,4,92.2091,56.85046583,169.25,117.2789969,4428.85725,3068.468655,82.3375,110.1410658,108.006645,97.97646401,2.25,2.078369906,77
Eu1Ba2Cu3O6.88,4,92.2091,56.46986584,169.25,116.6335404,4428.85725,3039.893752,82.3375,110.4425466,108.006645,97.06388745,2.25,2.077639752,94
Y1Ba2Cu2.98Fe0.02O6.93,5,72.32465,51.4245686,162.8,114.9156999,4963.4858,2966.758157,65.23,108.8299304,102.805316,96.42414535,2.4,2.078886311,89
Y1Ba2Cu2.994Zn0.006O6.63,5,74.23165,52.27908757,160,116.4863025,4816.6858,3038.048636,62.09,108.1365479,111.005316,99.08917066,2.2,2.079176564,60
Sr0.25La1.75Cu1O4,4,76.5177175,56.0761675,151.75,104.7142857,4434.35725,2911.245143,79.6075,111.1653571,112.006645,61.65804571,2.25,2.25,33
Sm0.4Ba0.6Cu1O,4,91.8081,74.02853333,171,146.6666667,4956.10725,4669.543,82.3375,97.42333333,107.756645,138.6755267,2.25,2.133333333,18
Eu0.1La1.7Sr0.2Cu1O4,5,91.606974,56.62904271,167.6,105.0571429,4596.2858,2923.473714,73.986,111.5008571,92.405316,61.51518857,2.4,2.257142857,33
Y1Ba2Cu3O7,4,76.4445625,51.24566538,164.5,114.5384615,4235.85725,2952.461769,77.2375,109.1692308,108.756645,96.39892769,2.25,2.076923077,92.3
Y1Ba1.48Sr0.52Cu3O7,5,78.67965,49.25738538,175.4,113.1784615,3914.6858,2917.261769,63.096,108.8124308,94.005316,97.07892769,2.2,2.076923077,95
Y1Ba1.48Sr0.52Cu3O7,5,78.67965,49.25738538,175.4,113.1784615,3914.6858,2917.261769,63.096,108.8124308,94.005316,97.07892769,2.2,2.076923077,85
Eu1Ba2Cu3O,4,92.2091,90.46505714,169.25,174.2857143,4428.85725,5592.204143,82.3375,83.51428571,108.006645,178.5752257,2.25,2.142857143,93
Sm1Ba2Cu3O6.85,4,91.8081,56.43952451,171,117.3385214,4956.10725,3211.111957,82.3375,110.3677043,107.756645,97.21261268,2.25,2.077821012,92.8
Sm1.05Ba1.95Cu3O6.87,4,91.8081,56.42731375,171,117.1724942,4956.10725,3221.054175,82.3375,110.5576923,107.756645,97.04216042,2.25,2.081585082,89.75
Sm1.15Ba1.85Cu3O6.95,4,91.8081,56.27820695,171,116.6293436,4956.10725,3230.840274,82.3375,111.0333977,107.756645,96.40422633,2.25,2.088803089,77.3
Sm1.2Ba1.8Cu3O7.01,4,91.8081,56.14253605,171,116.2551883,4956.10725,3230.716164,82.3375,111.3170638,107.756645,95.94053234,2.25,2.092236741,56.5
Sm1.28Ba1.72Cu3O7.03,4,91.8081,56.16093799,171,116.0583269,4956.10725,3249.354249,82.3375,111.5862625,107.756645,95.76261377,2.25,2.098234843,43.6
Sm1.35Ba1.65Cu3O7.07,4,91.8081,56.1078277,171,115.7697016,4956.10725,3259.996406,82.3375,111.873948,107.756645,95.44284014,2.25,2.103289977,26.2
Nd1.32Ce0.27Sr0.41Cu1O,5,90.30468,85.92509,160.6,151.165,5058.0858,5274.73975,74.386,86.740575,92.605316,109.946645,2.6,2.465,20
Y1Ba2Cu3O6.75,4,76.4445625,51.93676863,164.5,115.8431373,4235.85725,3010.325157,77.2375,108.5156863,108.756645,98.28858157,2.25,2.078431373,89.1
Y1Ba2Cu3O6.72,4,76.4445625,52.02152657,164.5,116.0031447,4235.85725,3017.42161,77.2375,108.4355346,108.756645,98.52033157,2.25,2.078616352,62
Y1Ba2Cu3O6.62,4,76.4445625,52.30696339,164.5,116.5419968,4235.85725,3041.320125,77.2375,108.1656101,108.756645,99.30078919,2.25,2.079239303,62
Er1Ba2Cu3O7,4,96.03285,57.27283077,168,115.6153846,5384.35725,3305.846385,82.3375,110.7384615,108.256645,96.24508154,2.25,2.076923077,88
Bi2Ca1Sr2Cu2O8,5,83.24476,59.2244,149.8,106.1333333,4584.2858,2953.4288,73.1,105.4753333,128.605316,72.414176,2.6,2.4,88.5
Ba0.65K0.35Bi1O3,4,100.351275,71.985111,171.75,107.3,3536.85725,2473.0774,75.1375,109.5415,31.506645,10.955948,2.5,2.53,23
La2Cu1O4.13,3,72.81695667,57.14368331,129.3333333,102.8387097,5035.809667,2981.472899,103.9666667,113.243338,137.6755267,59.76294185,2.333333333,2.280504909,28
La1.9Sr0.1Cu1O4,4,76.5177175,57.17514186,151.75,104.2,4434.35725,2986.588,79.6075,112.0861429,112.006645,61.18661714,2.25,2.271428571,26
La1.75Sr0.25Cu1O4,4,76.5177175,56.0761675,151.75,104.7142857,4434.35725,2911.245143,79.6075,111.1653571,112.006645,61.65804571,2.25,2.25,30
Bi2Sr2Ca1Cu2O,5,83.24476,97.046275,149.8,157,4584.2858,5536.428625,73.1,73.07875,128.605316,135.7533225,2.6,2.75,85
Bi2Sr2Ca2Cu3O,5,83.24476,87.99942,149.8,159.5,4584.2858,5480.1429,73.1,70.84,128.605316,168.602658,2.6,2.6,108
Tl2Ca1Ba2Cu2O,5,92.26674,108.32375,159.2,168.75,5174.2858,6273.928625,60.484,57.30875,132.805316,141.0033225,2.2,2.25,106
Y1Ba2Cu3O6.8,4,76.4445625,51.79638828,164.5,115.578125,4235.85725,2998.571656,77.2375,108.6484375,108.756645,97.90474563,2.25,2.078125,92
Y1Ba2Cu3O,4,76.4445625,81.45675,164.5,171.5714286,4235.85725,5481.918429,77.2375,80.6,108.756645,179.0037971,2.25,2.142857143,89
Y1Ba2Cu3O7,4,76.4445625,51.24566538,164.5,114.5384615,4235.85725,2952.461769,77.2375,109.1692308,108.756645,96.39892769,2.25,2.076923077,91.2
Bi2.2Ca1Sr1.9Cu2O8,5,83.24476,61.01987285,149.8,105.8741722,4584.2858,3045.988874,73.1,105.9613907,128.605316,71.80878411,2.6,2.437086093,86.5
Bi2Sr1.3Ca0.7Cu1O6.15,5,83.24476,64.74113991,149.8,102.8430493,4584.2858,2962.581915,73.1,106.9841256,128.605316,53.96084906,2.6,2.538116592,84
Bi0.8Pb0.2Sb0.05Sr1Ca1Cu2O,7,106.4548286,80.24821818,148,149.231405,5851.204143,5376.575041,72.4,79.24214876,100.2895114,173.4919967,3.142857143,2.487603306,93
Bi0.8Pb0.2Sr1Ca1Cu2O,6,103.9039667,79.90228667,150.5,149.3666667,5710.238167,5365.5715,67.01666667,79.03,113.00443,174.7377633,2.833333333,2.466666667,108
Y1Ba2Cu2.82Fe0.18O,5,72.32465,81.25872429,162.8,171.8542857,4963.4858,5453.992714,65.23,77.95914286,102.805316,170.7495114,2.4,2.168571429,55
Y1Ba2Cu2.7Fe0.3O,5,72.32465,81.12670714,162.8,172.0428571,4963.4858,5435.375571,65.23,76.19857143,102.805316,165.2466543,2.4,2.185714286,39
Bi4.4Sr3.6Ca2Cu4O,5,83.24476,105.6856773,149.8,162.24,4584.2858,6096.095267,73.1,70.74853333,128.605316,144.081772,2.6,2.88,83.6
Pb0.3Bi1.7Sr2Ca2Cu3O10,6,103.9039667,53.86603579,150.5,106.8578947,5710.238167,2909.594211,67.01666667,103.8984211,113.00443,89.17714737,2.833333333,2.3,107
Y1Ba2Cu3O6.55,4,76.4445625,52.5094757,164.5,116.9243028,4235.85725,3058.275693,77.2375,107.9741036,108.756645,99.85450988,2.25,2.079681275,89
Ba0.6K0.4Bi1O3,4,100.351275,71.002824,171.75,107.2,3536.85725,2446.5374,75.1375,109.886,31.506645,11.775948,2.5,2.52,31.5
Y1Ba2Cu2.85Ag0.15O7,5,82.72929,51.75707538,164.6,114.7692308,5486.6858,2970.115615,87.21,109.2523077,173.005316,96.74508154,2,2.065384615,90
Y1Ba2Cu3O6.9,4,76.4445625,51.51889225,164.5,115.0542636,4235.85725,2975.337992,77.2375,108.9108527,108.756645,97.14600016,2.25,2.07751938,90.6
Y1Ba2Cu3O6.82,4,76.4445625,51.74054275,164.5,115.4726989,4235.85725,2993.895927,77.2375,108.701248,108.756645,97.75204958,2.25,2.07800312,91.2
Y1Ba2Cu3O6.66,4,76.4445625,52.19224755,164.5,116.3254344,4235.85725,3031.715414,77.2375,108.2740916,108.756645,98.9871266,2.25,2.078988942,88.9
Y1Ba2Cu3O6.47,4,76.4445625,52.74370233,164.5,117.3664796,4235.85725,3077.886578,77.2375,107.7526063,108.756645,100.4949457,2.25,2.080192462,43.6
Y1Ba2Cu3O6.46,4,76.4445625,52.77319213,164.5,117.4221509,4235.85725,3080.355645,77.2375,107.7247191,108.756645,100.5755784,2.25,2.080256822,45
Tl1Sr2Ca0.5Sm0.5Cu2O6.75,6,93.66445,55.68080392,166.6666667,111.6862745,5390.738167,3097.344765,57.5,99.06823529,115.6710967,80.2101502,2.333333333,2.117647059,37.6
Y1Ba2Cu4O8,4,76.4445625,49.71593667,164.5,112.1333333,4235.85725,3156.2288,77.2375,112.1066667,108.756645,110.214176,2.25,2.066666667,82
Tl1Ba1.1La0.9Cu1O5,5,112.032234,69.33343589,159.4,110.5333333,6093.4858,3356.616111,69.61,101.6272222,95.405316,53.07032222,2.4,2.211111111,39.6
Tl1Ba1.2La0.8Cu1O5,5,112.032234,69.31589733,159.4,111.1777778,6093.4858,3327.327222,69.61,101.2488889,95.405316,53.12587778,2.4,2.2,41.1
Nd1.85Ce0.15Cu1O4,4,90.97585,59.3441,146,106.55,5665.10725,3276.795143,91.35,113.2714286,107.006645,61.88661714,2.75,2.307142857,21
Y1Ba2Cu3O6.86,4,76.4445625,51.62937278,164.5,115.2628305,4235.85725,2984.588098,77.2375,108.8063764,108.756645,97.44808233,2.25,2.077760498,91
Y1Ba2Cu3O6.96,4,76.4445625,51.35445015,164.5,114.7438272,4235.85725,2961.569895,77.2375,109.066358,108.756645,96.69637321,2.25,2.077160494,85
Tl2Ca2Ba2Cu3O,5,92.26674,97.0214,159.2,168.9,5174.2858,6070.1429,60.484,58.224,132.805316,172.802658,2.2,2.2,120
Y1Ba2Cu2.95Ni0.05O,5,72.89433,81.42208857,161.4,171.6,5170.2858,5481.547,84.49,80.55428571,105.205316,176.7966543,2.2,2.142857143,86.8
Y1Ba2Cu2.9Ni0.1O,5,72.89433,81.38742714,161.4,171.6285714,5170.2858,5481.175571,84.49,80.50857143,105.205316,174.5895114,2.2,2.142857143,82.9
Y1Ba2Cu2.95Zn0.05O,5,74.23165,81.46985,160,171.55,4816.6858,5468.918429,62.09,79.75428571,111.005316,177.0037971,2.2,2.142857143,72.2
Y1Ba2Cu2.9Zn0.1O,5,74.23165,81.48295,160,171.5285714,4816.6858,5455.918429,62.09,78.90857143,111.005316,175.0037971,2.2,2.142857143,54.3
Nd1Ba2Cu3O,4,90.2786,89.36191429,163,170.7142857,4870.35725,5844.489857,82.3375,83.51428571,108.756645,179.0037971,2.25,2.142857143,93
